EncryptedID,GPA_1,GPA_2,GPA_3,GPA_4,GPA_5,GPA_6,GPA_7,GPA_8,GPA_9,GPA_10,TC_1,TC_2,TC_3,TC_4,TC_5,TC_6,TC_7,TC_8,TC_9,TC_10,Final CPA
0029e6838b169678e045d91c8dd2a98f9e284968f4184b54fa20687424126c2f,2.58,1.92,2.41,1.9,2.17,3.7,3.8,3.32,3.33,1.0,12.0,9.0,17.0,17.0,15.0,20.0,23.0,20.0,23.0,2.0,2.91
0068e4e9ec9fba185a95d41e58d358f0058901376b92f9c62fb17847f5cc207d,3.17,3.46,2.75,3.0,1.98,3.08,2.56,3.0,3.1,3.39,12.0,12.0,15.0,17.0,14.0,20.0,17.0,13.0,10.0,19.0,2.95
01277415ad8719ff1d1d29512d592675cb75cefc51655593f05da1f0a43b75f2,2.5,1.85,1.71,2.6,2.08,2.68,2.42,2.9,3.55,4.0,12.0,10.0,17.0,10.0,16.0,17.0,17.0,18.0,20.0,12.0,2.65
01630460fb288ed913f9d5d87c17405fb06eef1f537f822fa4de2d517fc1cc09,2.08,3.32,2.75,3.0,2.92,3.36,3.23,2.91,3.25,4.0,12.0,11.0,22.0,16.0,18.0,21.0,13.0,16.0,12.0,9.0,3.04
01e73e55c3f99f4e31921587d37e4e2a8be14699b68392d04afeaee623a2d415,1.33,0.45,1.68,1.91,2.07,2.67,3.09,2.81,3.07,3.18,8.0,5.0,19.0,16.0,18.0,23.0,16.0,16.0,15.0,11.0,2.38
022eb46fde2f39a2b1cafa50953bf1dcbd710f366cd50f6c499b4e302321b5b7,2.33,3.27,3.41,2.59,2.8,3.24,3.82,3.42,3.63,4.0,12.0,11.0,22.0,16.0,12.0,19.0,17.0,19.0,19.0,9.0,3.27
033d1cadff9bcd10ca5752234b67082eea2fd0b9ced8f57a98dafd7d8aae4002,2.42,1.18,1.84,1.12,0.92,2.64,2.0,3.5,3.07,3.62,12.0,8.0,19.0,11.0,12.0,21.0,17.0,22.0,14.0,12.0,2.36
037a065f0a96b6d18aa6d0d67c74985776471f15472241c82aa6331254e67af9,2.83,2.69,3.24,3.36,2.84,2.74,2.66,3.43,3.8,3.5,12.0,13.0,17.0,18.0,22.0,19.0,16.0,14.0,10.0,12.0,3.07
039c2a70be645e3b09a03709ca4fac42c435809f639bd803bca0cdf28f37a1cc,1.25,0.67,1.9,2.88,2.42,3.62,2.98,3.65,3.56,3.25,8.0,4.0,12.0,16.0,18.0,20.0,20.0,17.0,17.0,12.0,2.91
0483148970e49e0bb6ec4b8e42ef3be702a976caa95820094010b4daf3d2782c,2.58,1.36,1.95,1.76,1.52,2.06,2.45,2.88,2.76,3.62,12.0,9.0,16.0,11.0,14.0,12.0,17.0,24.0,17.0,12.0,2.37
04d07f632e3cc4c2e8f108c764a144e345bd45466312c3b4faf578932c7c754b,3.17,3.17,3.52,3.5,3.02,3.86,3.69,3.5,3.5,4.0,12.0,12.0,20.0,17.0,20.0,18.0,18.0,20.0,6.0,12.0,3.49
058b62f114b8ddcfbe6aa66de0dc793929d5341fbe17a857bd8edd327075c1b0,3.0,2.81,2.62,3.16,3.1,3.38,3.11,3.22,3.07,4.0,12.0,13.0,17.0,19.0,21.0,21.0,22.0,16.0,11.0,2.0,3.08
061d0efc5d053590e7248be168146243dce492ad2ad7816a3ffef16ea82d3769,2.85,2.9,3.26,3.24,3.56,3.81,3.26,3.78,4.0,4.0,13.0,15.0,19.0,23.0,17.0,16.0,21.0,16.0,3.0,9.0,3.39
06270b22d6423d7998d93467bdd5d17feca3f422b4e7083ef9292a5f7cf26f6d,2.92,3.33,2.92,2.4,2.8,3.82,3.62,3.44,3.89,3.5,12.0,12.0,18.0,17.0,20.0,17.0,17.0,16.0,9.0,9.0,3.21
063f4093ba6535242fccdf6d61e55281f13267d5e80af3a389d2d51d3bddb9ce,2.42,2.5,2.68,1.91,2.33,3.4,3.72,3.75,3.5,3.82,12.0,11.0,19.0,14.0,15.0,21.0,16.0,16.0,10.0,11.0,3.01
06ca2d8ee79faba4ad517e60f6263df3c6c053db3b9b33db53139f977e7073cf,1.42,2.5,2.5,2.5,2.98,3.22,2.81,3.12,3.75,3.5,10.0,11.0,22.0,16.0,19.0,23.0,16.0,17.0,8.0,9.0,2.83
06dee16b09eac05eca8a98632c80de4f22a8766b59a0daaf96bf2a5401bd4692,2.75,2.5,3.32,2.12,2.72,3.68,3.53,3.02,3.5,4.0,12.0,11.0,22.0,16.0,17.0,20.0,16.0,20.0,8.0,9.0,3.1
078669cc2a3f40ae7c63b641c917bb1068b2c4568ace6192e2fb3c831f7a8099,2.58,2.67,2.25,2.82,2.09,3.6,2.85,3.63,3.5,3.5,12.0,12.0,18.0,17.0,16.0,24.0,20.0,19.0,3.0,9.0,2.93
0825e31f4264e36356615023fc4ac249a75b23be016d28ad23df5d77222c9b7f,2.33,2.96,1.2,1.79,2.28,2.09,1.22,2.71,3.24,3.62,12.0,13.0,12.0,19.0,20.0,14.0,8.0,19.0,17.0,12.0,2.39
08b43683e011332f46819004e9012c1772c16ec05071ad56decc3ebab758f384,1.67,2.77,2.5,1.66,2.6,3.56,3.15,3.32,3.67,4.0,8.0,11.0,22.0,19.0,21.0,17.0,13.0,19.0,6.0,9.0,2.81
08c2b2626af57ba784bf55a089fac9e8b29c321009a246c24603d8982e787ced,2.58,0.92,0.83,1.39,2.92,2.56,2.19,2.85,2.74,3.85,12.0,10.0,6.0,11.0,18.0,18.0,13.0,23.0,17.0,13.0,2.48
093514c5d9233d47d538cc2c256fb6928ed4b03015805cbc065d5815f32020f6,3.33,3.25,3.1,3.03,2.43,3.72,3.25,3.27,3.5,4.0,12.0,12.0,15.0,19.0,21.0,16.0,18.0,13.0,18.0,11.0,3.24
0a1d2b3781f31c70cf374d9452b1e006731445e12b9c85e759967b0fefd76e3e,1.08,0.92,1.0,1.79,1.79,3.37,3.05,2.44,2.44,3.62,8.0,7.0,9.0,14.0,18.0,19.0,21.0,15.0,17.0,12.0,2.36
0a4bef160836af2aa619f00f090719d03472607d9fd5006073b2834276e41394,2.67,1.91,3.11,2.45,1.42,3.5,2.97,3.75,3.06,3.7,12.0,8.0,22.0,19.0,12.0,20.0,16.0,16.0,16.0,15.0,2.96
0a66ea563b1e194d8fff6866e735ff507e23b487cbb6e5521367ee54a45bb726,2.25,1.36,2.34,1.5,1.47,2.8,3.75,3.07,3.77,4.0,12.0,9.0,22.0,13.0,11.0,17.0,18.0,21.0,11.0,9.0,2.68
0bfbf151927ffea9f09d1a48a26fa84a2350003918bae31ed89771196f3cc991,2.5,1.92,2.32,1.68,1.0,3.12,2.26,2.41,3.08,3.03,12.0,12.0,22.0,17.0,9.0,16.0,17.0,16.0,18.0,16.0,2.4
0bfc983218168d07445473d57bd9e1a92bce677427e25ce0a091eb39bdda880b,1.67,2.36,2.25,2.25,2.42,1.94,2.74,3.12,3.25,3.5,8.0,11.0,22.0,14.0,18.0,11.0,18.0,21.0,16.0,9.0,2.59
0cceab904ec0bcd5293678f26a7b9a5456143d0be3d681d411c16aade103df38,2.92,2.77,3.18,3.09,3.33,3.06,3.13,3.53,3.46,4.0,12.0,11.0,19.0,17.0,18.0,18.0,15.0,19.0,13.0,12.0,3.25
0d132c1b539ea6576702947e7fadc4e34379c1e1f0e0bb6e574645791bfe8586,1.92,1.0,1.16,2.25,2.8,2.29,3.26,2.79,4.0,4.0,12.0,11.0,16.0,11.0,20.0,16.0,23.0,21.0,10.0,9.0,2.55
0daf2cb3515c1a6c5497905d494c7cd630d8161d6d4cd77bdf96356be35fffc8,2.67,2.5,3.37,2.47,2.5,3.58,3.11,3.52,3.5,4.0,12.0,11.0,19.0,16.0,15.0,20.0,19.0,22.0,15.0,9.0,3.15
0dd10105a496d33325fc22b91620f751a34a2f832abc374a248c12d4faa8b05b,1.58,1.55,2.25,3.0,2.24,3.33,2.81,3.19,3.5,4.0,12.0,11.0,22.0,16.0,14.0,21.0,21.0,16.0,12.0,9.0,2.75
0e39cc2fbebbdef7153a741aefba7cdecb14d6da3e366e63c43e032f23067519,2.58,2.95,3.11,2.79,3.25,2.85,3.75,3.48,3.62,4.0,12.0,11.0,22.0,19.0,18.0,14.0,20.0,23.0,8.0,9.0,3.23
0ea88b48785759010eab3ed01ace340aa2069888ac1cb9af03125a617ae28dac,3.08,3.41,2.86,1.54,3.0,3.03,2.89,3.23,2.71,3.62,12.0,11.0,22.0,7.0,17.0,19.0,19.0,22.0,7.0,12.0,3.01
0ec4424389b92d521f60a35edfdfc8d601d635704e92a1ba56f346bfeb0fdbb5,2.5,2.31,2.47,3.05,2.42,1.75,3.28,2.94,3.53,3.41,12.0,10.0,14.0,21.0,20.0,15.0,16.0,17.0,15.0,16.0,2.8
0f0ace9c72419cb4088dc9714e9d704edb4c1d80f05fe6829fa7765a9fcf8a3f,2.25,3.17,2.83,3.68,3.76,3.76,3.67,3.82,3.33,4.0,12.0,12.0,18.0,17.0,19.0,19.0,15.0,20.0,6.0,9.0,3.46
0f8d1d1a201199a31db32c023bde37ea54eb3d804b5c609c8c6f0cac2a998595,2.17,2.0,1.75,1.91,2.48,2.8,3.38,3.57,3.6,4.0,12.0,9.0,15.0,14.0,17.0,23.0,21.0,22.0,5.0,9.0,2.77
0f978b13c11f23c9bb0ce692949e1776372ac30bd7ed7164cc546c33695263f0,2.42,2.55,2.21,2.0,1.93,2.19,2.8,2.8,3.42,4.0,12.0,11.0,19.0,13.0,21.0,15.0,20.0,15.0,12.0,12.0,2.57
111071bd8f52d6f36b8ec885c833b51718d1f99aa74800577f961c59eeca880f,2.67,3.45,3.61,3.91,3.34,3.47,3.58,3.79,3.85,4.0,12.0,11.0,19.0,17.0,19.0,17.0,18.0,19.0,13.0,9.0,3.57
1137384c6efde83f0fd17e5b1d6902e2b82d727e4af52f44dcd0d681133fffb6,2.42,1.0,1.82,1.08,2.69,2.55,2.89,3.48,3.5,4.0,12.0,8.0,16.0,7.0,21.0,20.0,22.0,21.0,10.0,9.0,2.66
116fe5142250051ce0682a18d8a1be582c052a5f8f7964bafd626878a978c3f8,2.58,2.83,2.62,3.61,3.65,3.86,3.95,3.82,0.0,4.0,12.0,12.0,17.0,19.0,20.0,21.0,22.0,17.0,0.0,9.0,3.49
122ee85a039701f1082e1595c027aca815295c99b750868992ca524f393001ad,2.67,2.58,3.03,2.68,3.47,3.71,3.69,3.66,3.71,4.0,12.0,12.0,17.0,22.0,17.0,21.0,16.0,16.0,7.0,9.0,3.29
13128deb9f780aeaff8cfc164002f31e745884e512d67eca9d174b7378694479,2.42,2.0,2.1,2.26,1.8,2.95,2.72,3.33,2.27,3.5,12.0,13.0,12.0,19.0,17.0,20.0,20.0,18.0,8.0,12.0,2.56
159034f8ba3c1917dbf997d2ce093659ce9582c9bd80f3a6bbfae80e04af6857,2.5,2.0,3.35,3.03,3.1,3.08,3.03,3.41,3.46,3.5,12.0,10.0,17.0,17.0,20.0,20.0,16.0,16.0,13.0,9.0,3.08
16161e81da2914d1f66b4e78998516ec0de7e47980b849bd832539b9ec6a26a3,1.33,1.42,1.4,1.35,2.94,2.34,2.81,3.02,2.46,3.0,8.0,9.0,12.0,14.0,18.0,19.0,18.0,24.0,12.0,15.0,2.38
165ce114efe696b00bb4a4d444846f4ee5b8f7e09391fdbf3176828eadf81253,3.33,2.86,2.76,2.32,2.92,3.33,3.85,3.64,3.83,4.0,12.0,11.0,16.0,22.0,18.0,21.0,13.0,18.0,12.0,9.0,3.2
181a9a214d5875ad5672218f3ffc9b50d87eb64c9382daacc992ea5da6965231,3.58,3.65,3.24,3.65,3.34,3.4,3.5,3.61,4.0,4.0,12.0,13.0,19.0,17.0,22.0,21.0,18.0,18.0,3.0,9.0,3.52
1842a7f9db0885322968fed7ef7e933097598def5d2a74085c19d509d7dd6594,1.68,2.59,1.84,1.08,1.74,2.21,3.6,3.42,3.44,4.0,11.0,17.0,14.0,12.0,9.0,14.0,20.0,18.0,9.0,9.0,2.62
192eb343e1290ef394672f58a5900e6003461400287b87a137cf83cc0645db63,2.08,1.73,2.74,2.0,2.17,2.69,3.17,3.08,3.46,4.0,12.0,11.0,19.0,17.0,15.0,13.0,15.0,18.0,13.0,12.0,2.71
1934a4e1f02720f14809a75a7e33bdf4f16219cc3d365285b16e421eb71fce1a,2.25,2.5,2.39,2.5,1.93,3.36,2.58,3.48,3.91,4.0,12.0,11.0,22.0,14.0,18.0,18.0,13.0,23.0,11.0,9.0,2.85
19771f771c7c87f67a4338fd9ce46e0e6e3201db8c35be4be16624e955536b63,2.67,2.17,0.75,2.38,2.24,3.2,3.15,3.12,3.42,4.0,12.0,12.0,9.0,17.0,16.0,23.0,20.0,15.0,12.0,9.0,2.77
1a28e8c97b50a9768d4b4d4aa39df062d68916a4907d6fd1366c750c703085ce,2.0,2.54,1.94,2.91,2.96,2.64,3.16,3.07,3.83,4.0,12.0,13.0,14.0,23.0,23.0,15.0,22.0,14.0,6.0,9.0,2.85
1acf444f49b42ba383c550d9570ed7607423d2d70acfda19803d393b7698f41f,3.0,3.0,3.35,3.21,3.0,3.79,3.38,3.81,3.82,4.0,12.0,12.0,17.0,17.0,21.0,21.0,17.0,16.0,11.0,9.0,3.42
1c52803962729885ab730f278b7d43c7361c6d4a4eabc74a3a415c2d4c68b07d,2.08,1.75,2.24,2.78,2.88,3.11,2.97,3.08,4.0,4.0,12.0,7.0,17.0,20.0,20.0,22.0,17.0,13.0,9.0,9.0,2.87
1ca436de0eacd4a7008d305abf6416212158b77be7bc7c924bf87c8b6a40c156,1.5,0.95,1.34,1.21,1.21,1.94,3.07,2.69,3.44,3.2,10.0,8.0,19.0,11.0,11.0,12.0,22.0,19.0,18.0,12.0,2.23
1d212f307a50d3702b8182d5dacbb9dc0ff01d1276724c023a7591bf427485b1,2.83,2.5,2.34,1.88,2.17,3.19,2.9,3.38,3.75,4.0,12.0,11.0,22.0,14.0,15.0,21.0,21.0,16.0,12.0,9.0,2.84
1d5f248614b7af0813ac5a3ae84aa2cd70d7d39544660a6c892ae6f2bc27da28,3.17,2.64,2.91,2.94,3.02,3.67,3.23,3.8,3.75,4.0,12.0,11.0,22.0,16.0,20.0,18.0,15.0,20.0,8.0,9.0,3.28
1d7f5aff186cef1aa12c38bd98ac081af3242d5ea8d0527a7ff260b9f86385d1,1.83,1.68,2.32,2.29,2.24,2.75,2.83,3.03,3.38,4.0,8.0,11.0,22.0,11.0,14.0,19.0,23.0,19.0,13.0,12.0,2.68
1f7e36f443f5820970eb0d4b1f4bc32c6909a59ab4ccd5f83a480926c0c3f75e,1.58,3.23,3.25,2.03,1.17,2.79,2.47,3.61,3.36,3.5,8.0,11.0,22.0,16.0,12.0,21.0,19.0,18.0,14.0,9.0,2.77
2032047eb708fc0bd0a719174210627be0e341a2e42d8100df599437acaa9aa1,1.92,1.58,2.33,2.19,2.58,3.14,3.66,2.59,3.45,4.0,12.0,9.0,18.0,13.0,18.0,21.0,22.0,16.0,11.0,12.0,2.82
2097a5e37de9a515c249162fdffee73ea47f96e29965361a68c31c4c432fb6d3,3.0,3.05,3.29,3.41,3.4,3.19,3.5,3.42,3.5,4.0,12.0,11.0,19.0,16.0,20.0,21.0,10.0,12.0,16.0,9.0,3.35
20e972476163a84248b97c6f544c282e09bbe102f92c9a20a7745bef19da0a35,3.08,2.0,2.93,2.81,2.5,2.97,2.91,3.03,3.42,3.5,12.0,11.0,22.0,16.0,17.0,18.0,16.0,16.0,12.0,9.0,2.9
21fa6fddb78aa1ed6a25b54c57f02fbb448fd7b177fa097e4b9a5fbd63493f8a,2.83,2.64,2.75,2.38,2.25,2.96,3.19,3.31,3.55,4.0,12.0,11.0,22.0,16.0,18.0,13.0,13.0,24.0,19.0,9.0,2.96
224f050ecf0c12003af6c97add32b3544ceb89c6a4f306345af8e9ee36d5ce4b,2.08,3.35,3.32,3.06,3.62,3.15,3.77,3.46,2.0,4.0,12.0,13.0,19.0,16.0,20.0,23.0,22.0,14.0,3.0,12.0,3.32
231e117e801fbb18e60d4f66d945df7f2224aba05e7a5facd3441a28df149ffd,2.0,1.59,2.79,2.53,3.21,2.71,3.21,3.81,3.72,4.0,12.0,11.0,19.0,16.0,21.0,16.0,19.0,18.0,9.0,18.0,3.02
238030cabe902e4102c1d66f82d89fc7cdc976bbe00d88f2ef66f2a46efeed25,1.83,2.08,1.9,2.74,2.86,3.33,3.5,3.53,3.1,4.0,12.0,12.0,12.0,15.0,21.0,24.0,21.0,15.0,5.0,9.0,2.94
23e4b0fea4ddbcbe2f8e65235d62d84d79a8b407ae7c7db878f7ef64aca8e9da,1.92,1.09,2.58,2.5,2.15,2.75,1.88,3.78,3.64,4.0,12.0,9.0,19.0,11.0,17.0,20.0,10.0,23.0,14.0,9.0,2.73
23e4bed260b834defde3c17d13423cdfd4a3fd011be9fef9da5662c85562cb6a,2.5,3.23,3.0,2.0,2.0,2.73,2.9,2.62,3.4,3.5,12.0,11.0,22.0,16.0,16.0,19.0,15.0,12.0,15.0,15.0,2.78
24432a216f05bcf417427d8cb8d3d35ec0cb9cfb308594e9db199fed84dace10,2.42,3.0,2.66,2.12,2.12,2.53,2.94,3.42,3.5,4.0,12.0,11.0,22.0,13.0,17.0,16.0,18.0,13.0,12.0,9.0,2.8
251e8c339a4dc75f6db9db3dfc83beda314f0007654edf5de95f0860eb25eec6,3.5,2.92,3.38,2.71,3.29,2.75,1.87,3.39,3.15,4.0,12.0,13.0,20.0,18.0,17.0,18.0,11.0,14.0,13.0,9.0,3.08
25ba2d2e711cd86410157e3ce9c30799cdb761996a0293030f88fa5631c8a482,2.33,2.05,3.07,2.41,2.5,3.15,3.37,3.35,3.6,3.62,12.0,11.0,22.0,16.0,15.0,20.0,19.0,20.0,10.0,12.0,2.98
2618df4c9dfe3394ffceb9d139429cd028995e9031e6b37961090e362f1c3550,1.0,1.82,2.37,1.41,1.5,2.27,2.91,2.87,3.09,3.31,8.0,11.0,19.0,16.0,14.0,19.0,22.0,19.0,17.0,16.0,2.38
266e16a1ac8170bc890101ad30e917e21626a5c21b2afed4a7c960ba9f003dfb,2.83,2.86,3.45,3.63,2.89,3.25,3.81,3.83,4.0,4.0,12.0,11.0,19.0,19.0,23.0,18.0,16.0,18.0,10.0,9.0,3.42
2794976dcb201211d38fa65b5465188274c0850a06f0f7695cb3f01aed0676a5,2.58,2.42,2.18,2.67,3.4,2.29,2.83,2.58,1.75,3.5,12.0,13.0,17.0,15.0,24.0,19.0,21.0,16.0,5.0,12.0,2.7
28488f1e16175efc333cb87d3e0262593683270e91d64639b8d195286ba2b130,3.17,1.95,3.0,1.62,2.86,3.05,2.86,3.72,3.6,3.82,12.0,11.0,22.0,10.0,18.0,20.0,22.0,18.0,10.0,11.0,3.0
286b721b85babc945fd2c800d81fb6b5831b251a98c655522293d834a40ed8c9,1.75,1.17,3.1,3.35,2.14,2.81,2.57,3.12,3.44,3.62,12.0,9.0,15.0,17.0,21.0,18.0,21.0,16.0,9.0,12.0,2.73
288f28f53ca7f2dc383cbe8caf197853f40b597289606c97cfffb833028e2b7c,3.5,3.21,3.21,3.44,3.12,3.79,3.5,3.0,3.23,3.43,12.0,12.0,17.0,17.0,20.0,19.0,18.0,8.0,13.0,12.0,3.37
28d4e00a14b8784e72ae6a4bc49aa6694107001a72508de1431b708287f6d8d1,2.08,2.05,2.5,2.85,2.5,3.02,3.5,3.82,3.44,4.0,12.0,9.0,17.0,17.0,18.0,23.0,18.0,17.0,16.0,12.0,3.02
29939841a25d828b35131b445c73a2e97cea1a13f0b8ff09f83140b05cf93259,2.67,0.92,2.58,3.12,2.45,3.39,3.69,2.54,3.31,3.5,12.0,8.0,18.0,17.0,20.0,22.0,18.0,14.0,13.0,9.0,2.91
29e7fff3246a82807850f11dc620fdf37a4bf56e8a6f49d6d414028615b17e6d,2.25,0.92,2.1,1.71,1.98,3.25,3.5,2.42,2.13,3.19,12.0,9.0,12.0,14.0,20.0,18.0,19.0,14.0,12.0,16.0,2.46
2a23edd48cf9d6b034457e5bee18e4c255bd5026cbfdfb3776d3f875f11e7438,2.08,0.55,2.68,2.3,2.08,2.29,2.29,3.21,3.6,4.0,12.0,3.0,19.0,15.0,17.0,16.0,19.0,24.0,10.0,12.0,2.64
2a65767279260746eda104f9699654e11657550ea3489e1e21d123dcfcfd824b,2.5,3.09,3.18,3.19,2.83,2.79,3.31,3.55,3.83,3.5,12.0,11.0,22.0,16.0,18.0,16.0,18.0,22.0,6.0,9.0,3.15
2a75ae3faa1180fe145f71ac877444968284a3521f78eb0c9fbe603bd9770651,2.75,2.62,3.1,1.82,1.26,2.87,2.5,2.02,2.81,3.82,12.0,12.0,15.0,14.0,8.0,23.0,17.0,15.0,18.0,11.0,2.61
2acefb28087c724647e1d94ced91e5df955826c022ca407c976139ab2ffa57ad,2.25,2.73,2.4,3.42,2.33,3.43,4.0,3.33,3.77,3.64,12.0,10.0,15.0,12.0,18.0,21.0,12.0,18.0,13.0,11.0,3.11
2c2bf60b02acde517ecebdde081395b5c596acbdea824ff0b941bd086bc5d4b7,3.33,3.27,3.59,3.29,2.64,3.88,3.41,3.87,3.88,4.0,12.0,11.0,22.0,17.0,20.0,24.0,20.0,23.0,8.0,9.0,3.5
2c584e1e56a04d9935e4961e62e1c923df753019b88e6370fa58ed0871ead3a2,2.5,2.23,1.59,2.64,2.82,2.44,3.34,3.29,3.23,4.0,12.0,13.0,17.0,18.0,19.0,18.0,19.0,14.0,13.0,9.0,2.75
2c955303df5dd6b684e27a8677b975d38fdc0cd3e0fe4cf355fd6b03c0202e6e,2.25,2.23,2.27,2.72,1.83,2.62,3.45,3.36,3.75,4.0,12.0,11.0,22.0,16.0,15.0,18.0,19.0,22.0,8.0,9.0,2.8
2d9efe5b9332de0f7c8d6e665e22cbb038a1d01135757f1e276aba8862fe69d8,2.5,0.64,2.02,2.25,2.18,2.17,2.18,3.43,2.75,2.27,12.0,5.0,19.0,14.0,16.0,18.0,19.0,14.0,16.0,11.0,2.33
2e3f197809da42ad6a5e1640bab902e9de9b6fee7dc9b5c490f50e12fd9378f2,2.75,2.92,3.09,2.94,3.07,3.76,3.73,3.72,3.92,4.0,12.0,12.0,15.0,17.0,21.0,17.0,15.0,16.0,13.0,9.0,3.37
2ebd718a9a3e97843b1704b6129a736fa4a270d0a2b864c8adbc0db03db585a2,2.58,2.75,2.83,2.92,2.8,3.38,3.56,3.8,3.84,4.0,12.0,12.0,18.0,20.0,22.0,20.0,18.0,15.0,16.0,9.0,3.22
2ebe7d9ddf07dd66891bf989f52fe36031c55aea9266981fd39eb4ea87b50193,2.33,1.67,1.83,2.58,2.98,3.92,3.0,3.42,3.56,4.0,12.0,12.0,15.0,17.0,22.0,19.0,20.0,19.0,8.0,9.0,2.93
2efcf2879e62408faaa695785ff7c6d7fdbd34124c03bb3cf01a05eb7a20161f,1.5,1.91,2.27,2.86,2.5,2.95,3.0,3.29,3.07,4.0,12.0,11.0,22.0,14.0,18.0,18.0,18.0,12.0,14.0,11.0,2.72
2f1b0ec7eeaf7578a753fbe20730a981d1436fcf87f7a5c46309fd76293dad2d,1.42,1.71,2.5,2.44,2.5,3.11,2.92,3.29,3.18,4.0,8.0,10.0,15.0,16.0,19.0,18.0,20.0,14.0,11.0,12.0,2.77
2f4e0c3589a2a731685649869881f9ed3a53016bbf56585814f74c2b70bec3e8,1.42,2.05,1.93,1.74,1.9,1.66,2.24,3.05,3.67,4.0,12.0,9.0,22.0,11.0,14.0,13.0,19.0,22.0,12.0,9.0,2.34
2f5052041a117c3136b25e9dadb75e2510237f07db0dd75e305da85e5d0fcc5a,2.75,2.82,3.39,3.44,2.68,3.72,3.05,3.6,4.0,4.0,12.0,11.0,22.0,16.0,14.0,20.0,19.0,20.0,8.0,9.0,3.33
2fac0dfffa74d2ece91b3e7d0093fb476bb5a238ac1e517436c73370e493b163,2.83,2.41,3.07,2.25,2.64,2.33,2.76,2.07,3.83,3.38,12.0,11.0,22.0,13.0,18.0,15.0,21.0,8.0,23.0,12.0,2.86
312165ba0c1e5021fbbcda3f7a4ff20d7b2bef579fb70076e57bd80d1b9d4ef0,3.42,2.54,3.24,3.22,2.68,3.21,3.0,3.28,2.25,4.0,12.0,12.0,17.0,16.0,17.0,19.0,12.0,18.0,9.0,12.0,3.11
31f61089ef8c38d05363432647643ff9d3335b64c5a2b57def274e5fef7f6593,1.5,1.75,2.58,2.15,2.71,3.35,3.25,2.93,2.5,2.5,12.0,12.0,18.0,14.0,21.0,23.0,24.0,22.0,8.0,12.0,2.66
347197094ca87401b6aabb728a0005087f84c4b370c0a9bf1b09fc883f7e66d0,2.58,1.85,3.24,2.82,2.98,3.1,3.55,3.56,3.5,4.0,12.0,10.0,17.0,16.0,22.0,21.0,21.0,18.0,2.0,12.0,3.14
3475ba32f7baf98a3587712e391f57a89fd60df0d62c18cd8ac4f664126f0460,1.5,1.0,2.33,2.68,3.0,3.08,3.05,3.67,4.0,3.5,8.0,8.0,15.0,16.0,19.0,19.0,20.0,21.0,3.0,9.0,2.86
3644f25b9a016beaff856d2fe0f162778f64873a4a36c4c2e1f94c513c4e9657,3.5,2.04,3.67,3.86,3.7,3.92,3.74,3.84,4.0,4.0,12.0,8.0,18.0,21.0,20.0,20.0,17.0,19.0,3.0,11.0,3.69
36a0206391ede74248cb20bac254081d35b58afdc2b9d0ec4c5a5cd03303faf5,2.0,2.36,2.57,1.81,2.12,2.67,1.98,3.4,3.14,3.62,8.0,11.0,22.0,11.0,20.0,18.0,18.0,20.0,7.0,12.0,2.57
37b84148d0ad6b3f893916f562d4440f1ef60122bcae04290dd95b07927f292a,2.5,2.68,3.25,2.71,2.62,2.79,3.48,3.74,3.83,4.0,12.0,11.0,22.0,14.0,20.0,17.0,21.0,19.0,6.0,9.0,3.12
3837d15e0adad5a67ccf5c4bd7ef5ddb7a49cbfa08c929ddb88fb72106ee314b,2.75,2.77,3.32,2.78,3.02,3.22,2.92,3.56,3.65,4.0,12.0,11.0,19.0,16.0,20.0,18.0,18.0,18.0,13.0,9.0,3.18
38fc516abd7adce337e7939d71df9be35bac6bebc990bfed1714e66b85597b3f,2.25,1.95,2.25,1.72,2.75,3.11,2.53,3.25,3.44,4.0,12.0,11.0,22.0,16.0,18.0,20.0,14.0,14.0,16.0,9.0,2.69
3937a521f80b0161cf3d5f891c879601d3b45f774d2c1966147153c9ff3df8f9,2.83,1.38,2.83,3.18,2.92,3.62,3.45,3.36,3.9,4.0,12.0,8.0,18.0,17.0,18.0,20.0,20.0,11.0,10.0,12.0,3.2
3992792b4a8365953c5dd32122599864e5eaa858f1d631f04e6d51ee86c48031,2.58,1.73,1.7,1.72,2.0,2.57,3.65,3.41,3.17,4.0,12.0,11.0,19.0,13.0,20.0,22.0,20.0,16.0,12.0,9.0,2.62
39e4a151d8f1f78fd9b6b0e2a15cb35d36958f97d320ae9e209136568cc40a79,3.33,1.92,2.4,2.03,2.36,2.86,3.45,3.2,3.89,4.0,12.0,12.0,12.0,14.0,18.0,21.0,22.0,17.0,14.0,9.0,2.94
3a4b187f8840d92fbdd527b2c565149bdcabed16213a06c8a6a5da0faf23a4a1,3.0,3.12,3.12,3.34,3.55,3.45,3.41,3.53,2.89,4.0,12.0,13.0,17.0,16.0,20.0,20.0,23.0,15.0,9.0,9.0,3.35
3a60b973ff5750dde53e58bddd9ecb87fe38c14d75036d23c5c0f861bdf14635,2.17,2.82,2.92,2.47,2.42,2.71,2.28,2.62,3.7,3.0,12.0,11.0,19.0,17.0,17.0,18.0,15.0,19.0,10.0,11.0,2.67
3ac6e6c753cc1f01cc74c5d7f085470412dc1e92f29db7940a64f71ae2e09c5a,2.67,2.55,2.39,2.32,1.8,3.02,2.25,3.08,3.75,4.0,12.0,11.0,19.0,14.0,17.0,23.0,16.0,18.0,8.0,9.0,2.69
3ae0ed26d14b7ebdc8bf70e3a512f64b477e1b12a15df1e20eadb8e95aa4b219,2.25,1.23,2.61,1.5,1.0,2.62,2.13,3.33,3.33,3.5,12.0,11.0,19.0,11.0,9.0,18.0,20.0,18.0,12.0,12.0,2.45
3b03cae7923eb55d9cbd490d4daf9643c0dcae5646303f3f5bc07ba2d282d967,3.17,2.54,2.88,2.86,3.32,3.43,3.68,3.35,3.0,4.0,12.0,13.0,17.0,15.0,20.0,21.0,20.0,17.0,2.0,9.0,3.25
3ca74b1e5153c0d50fb54f777435786073a8b962da8d4df39670ba6b7c0a3f96,2.33,1.33,2.83,1.37,2.06,1.98,2.98,2.79,3.5,4.0,12.0,9.0,18.0,13.0,15.0,17.0,21.0,24.0,14.0,11.0,2.57
3dac565f5bee3a43cdd3b516ea63acfb5ad75b7e3178439869882b56e4ba9165,2.92,2.5,3.16,2.97,2.5,3.25,3.47,4.0,3.9,4.0,12.0,11.0,19.0,16.0,18.0,17.0,19.0,16.0,10.0,9.0,3.23
3ddd14c963669561d416cf73f1aa11bff2d555f356b02bd4c3796e8b9f3eb8fa,2.67,2.12,2.7,2.15,2.64,3.4,3.62,3.25,2.0,4.0,12.0,12.0,15.0,17.0,21.0,21.0,24.0,12.0,3.0,9.0,2.94
3decdda13d62c1d267b7d1ceb2adb3ec1fa907f524444346b9e2e9982237ea2d,2.0,1.96,1.47,2.92,3.25,2.97,2.53,3.29,2.2,3.62,12.0,10.0,14.0,19.0,18.0,19.0,16.0,14.0,7.0,12.0,2.69
3e41662e887a544b9249638fc42e51fff383eabfd0f8f2a69c5d7afe82b59f62,2.58,3.14,3.45,2.53,3.26,3.25,3.71,3.36,3.9,4.0,12.0,11.0,22.0,16.0,17.0,15.0,19.0,18.0,10.0,9.0,3.3
3e57528b979ad6a06e286efce5b87306b2c1332968136f99f1a82beb08b547db,1.83,1.68,2.93,3.03,2.58,3.67,3.5,3.62,3.71,3.5,12.0,11.0,19.0,16.0,18.0,15.0,16.0,16.0,14.0,9.0,3.04
3e73787e48b99d310480cf56d46fe66e86232de478000c9ddcf52764cbb05033,2.42,2.54,2.26,3.0,2.87,2.85,3.11,3.47,4.0,4.0,12.0,13.0,17.0,14.0,23.0,20.0,22.0,19.0,3.0,9.0,2.95
3f61dccdd88e0422b3e6c56d56c06ac0b03aa44e2c64089de8cc34387f67e0e4,2.92,2.64,2.32,2.85,2.58,2.66,3.28,3.56,3.5,3.75,12.0,11.0,19.0,17.0,17.0,19.0,16.0,18.0,10.0,12.0,2.96
3f71ec7fc99d19ec3faa67d05a0cda3fef199636a22b7f9f280b2e8576f0e710,1.33,2.42,2.6,1.42,1.39,2.94,2.55,3.64,3.29,4.0,12.0,9.0,15.0,13.0,13.0,17.0,19.0,18.0,14.0,12.0,2.61
3f8b8ba05ec9b3af32fab7362cdd692b9950bcdb0ffb139eefc1e818f8dd084d,1.75,0.62,1.8,2.59,2.85,3.18,2.48,2.91,3.11,3.0,12.0,4.0,12.0,17.0,20.0,20.0,22.0,19.0,9.0,12.0,2.61
400638dd23d70f184444ac0bfd3483cf7f9fd9f2d05cde7ba6b6201f399ce935,1.58,1.77,1.73,1.64,2.33,2.86,3.04,3.45,3.5,3.5,8.0,11.0,19.0,11.0,15.0,21.0,23.0,20.0,8.0,9.0,2.6
4012860268267fd466123f4890b0fb8041e7616b714d6c8e2c043399dc841b39,2.5,1.14,2.59,1.84,3.0,2.34,2.83,3.59,3.08,2.5,12.0,8.0,22.0,14.0,18.0,16.0,21.0,16.0,12.0,9.0,2.63
40173bec1ff1de5fa2444d8147780eabd873b8dcedccd843b72b6216c3241a47,3.0,3.29,3.0,2.78,2.8,2.76,3.04,2.93,3.5,3.62,12.0,12.0,18.0,16.0,20.0,17.0,12.0,14.0,6.0,12.0,3.01
40d5073e0d1a872b76c8f06d5eda71082ad01eb07f95ee073a94542815a6c445,1.92,1.05,1.77,1.42,1.5,1.8,3.24,3.42,3.3,4.0,12.0,8.0,13.0,13.0,12.0,15.0,21.0,24.0,15.0,9.0,2.49
416ab5106ad2440ac93f108a5542159fa6038b880e5febcda3de7d1431a77721,3.75,3.08,3.4,3.82,3.8,3.92,3.85,3.75,4.0,4.0,12.0,12.0,15.0,17.0,20.0,19.0,20.0,20.0,4.0,12.0,3.74
41be77cf1a6490d9b19f43dc518b21b5a4aaac329f44eb9341ef57d31f534c73,2.92,2.69,3.53,3.05,3.73,3.48,3.61,3.71,4.0,4.0,12.0,13.0,17.0,21.0,22.0,20.0,22.0,17.0,3.0,9.0,3.44
42139db3c6f58853d5a0b50690f096289f017ae95697ec5381f7280fbc2f04e2,2.83,3.14,2.8,3.11,2.67,3.5,2.81,3.31,3.58,4.0,12.0,11.0,22.0,14.0,18.0,18.0,16.0,16.0,12.0,9.0,3.12
422e46a7aeeb855ef8a79a5d6100769d438fe6920ada8148e615c19f8490deb5,2.42,2.71,3.1,2.34,3.59,3.43,3.22,3.07,3.16,4.0,12.0,12.0,15.0,13.0,17.0,21.0,20.0,21.0,19.0,3.0,3.09
4279caf9d0b4530c2359ac41b56b490ccb6da5abc51d1275ab3940b8adae085c,3.58,3.08,3.62,3.7,3.33,3.86,3.09,3.85,3.89,4.0,12.0,12.0,17.0,20.0,18.0,21.0,17.0,13.0,9.0,9.0,3.58
43a2be022f2a9baa357edc3cf6debde3de4f90ce126259ca8d9b7df4fdff4f0b,1.83,1.79,1.58,2.29,2.33,3.62,3.42,3.32,3.54,4.0,12.0,12.0,18.0,17.0,18.0,20.0,18.0,14.0,13.0,9.0,2.75
452d7d5d676ac58285f75b8d24d81a064849785605da313f5e5fa98d8aa74b01,1.67,0.27,1.59,1.72,2.08,2.69,2.23,3.34,3.53,3.18,8.0,3.0,19.0,13.0,17.0,18.0,19.0,22.0,17.0,11.0,2.46
46087db7cf5b56096ae11aa4ac2cfb3857c6565643f9a70745741c3838f80f31,2.58,1.86,2.52,2.56,1.25,2.2,1.75,3.41,3.31,3.17,12.0,11.0,22.0,16.0,9.0,17.0,16.0,17.0,16.0,18.0,2.55
46238a0216d5bce61986cbc0f4dddee424f9a404cbdeb752bf648622fccc451b,1.08,1.33,0.75,1.75,1.48,2.32,2.1,3.17,2.89,3.71,6.0,9.0,9.0,15.0,14.0,14.0,17.0,21.0,23.0,14.0,2.29
4728bbb732470e2f03cfd051dfb876649480c96e700f9fbf6ab491ca3564de36,2.58,2.0,2.15,2.76,3.39,3.16,2.84,3.4,3.25,4.0,12.0,13.0,17.0,19.0,19.0,20.0,22.0,15.0,4.0,9.0,2.91
477a9d244761aa6abd51b0e0f60b2ce5e00179659946670122687601dd5c17d0,2.83,3.23,3.41,3.12,2.71,3.15,2.93,2.89,3.83,4.0,12.0,11.0,22.0,16.0,21.0,20.0,13.0,18.0,12.0,9.0,3.16
47aa82b0547a1c115e610e62bafbe4b2e6a6c2c268ae45609d0cf75f8dcd5857,2.58,2.64,2.36,2.54,2.33,2.41,2.9,3.31,3.43,4.0,12.0,11.0,22.0,14.0,15.0,17.0,13.0,16.0,14.0,12.0,2.81
47f26717322037f711ad259d0ad895ce55e96fec53524ea7dc6ad7a9a8b79ef0,1.58,2.46,2.25,2.18,2.64,2.76,3.72,3.17,3.75,3.0,12.0,12.0,15.0,16.0,21.0,21.0,18.0,15.0,6.0,9.0,2.72
48bb11a9786153f4cf1211a669721697ad008ca2024d3f8a7e6fefa79c3dafc9,3.67,3.67,3.88,3.48,3.76,4.0,3.7,3.82,3.64,4.0,12.0,12.0,17.0,20.0,19.0,17.0,20.0,17.0,7.0,12.0,3.76
4934546be4572b8ce0b33b05e78f4723571dd3452ffca9bf61dfdf94c096f66f,2.83,2.82,3.24,3.18,3.71,3.13,3.25,3.86,3.91,4.0,12.0,11.0,19.0,19.0,19.0,16.0,16.0,14.0,11.0,9.0,3.37
494feeb8a24918e8999bf1bc95c6f28b3b0ea4e48ac997237e60312473120eab,2.83,1.86,3.0,2.68,2.0,2.95,3.53,3.31,3.3,4.0,12.0,8.0,19.0,19.0,17.0,17.0,15.0,21.0,10.0,9.0,2.94
49f424a487442e8e0f2e8629b7ff204b39a9ec98ead2d5fee773ca7b07a59c25,2.58,3.5,3.28,3.06,2.42,3.5,3.75,3.89,3.88,4.0,12.0,11.0,16.0,16.0,18.0,19.0,18.0,14.0,16.0,9.0,3.36
4a66f613bc9428fe6d9dfde3f3096e3fed1704766bed60bba60d0e2c85ad5787,2.58,2.21,1.9,2.18,2.08,3.14,2.86,2.94,3.75,3.32,12.0,12.0,12.0,14.0,15.0,21.0,22.0,22.0,12.0,11.0,2.73
4a9a1b2ca83f0a264f014834bde3f243aad528e7b29af7e735fac35dd3baaa9e,1.83,1.86,2.36,1.78,1.92,2.53,3.7,3.02,3.9,4.0,12.0,11.0,22.0,11.0,17.0,17.0,20.0,21.0,10.0,9.0,2.68
4aac61a19ab69cb7dffb349160d13ba1e26c1a9782e11c12db1e563988345f2c,3.58,2.67,3.1,3.5,3.71,3.63,3.52,3.77,3.88,4.0,12.0,10.0,20.0,19.0,19.0,19.0,20.0,22.0,13.0,9.0,3.54
4b33997c6460bedd6f81bffad1dc043615fca63b0aff2a47e3b729280cb48570,1.92,1.64,2.3,1.62,2.12,2.58,2.74,2.5,3.22,3.25,10.0,8.0,19.0,10.0,17.0,14.0,18.0,20.0,16.0,12.0,2.46
4b515a0c93e8d71451bb24468815aa2f536896b45027925c69162bd548fce689,3.0,3.68,3.5,3.21,3.42,3.94,3.69,3.59,3.75,4.0,12.0,11.0,19.0,17.0,18.0,16.0,16.0,17.0,8.0,9.0,3.55
4e001c72db882cb902c99a979db878c3237b305d35073cb6463396712dbdedda,2.42,2.12,1.74,1.53,2.71,2.65,2.81,3.2,0.0,3.5,12.0,13.0,17.0,16.0,24.0,21.0,24.0,15.0,0.0,9.0,2.51
4e081396d6cbd5626e05165341c9110d7e0d2698da7dede38d78ff56546d096a,3.83,3.71,3.33,3.29,2.96,3.0,2.41,3.14,2.5,3.88,12.0,12.0,18.0,19.0,23.0,16.0,11.0,19.0,6.0,12.0,3.22
4e72b8b3b7c0ddba07b51a1fbf3c3c8d171432d581254efcd804c20dfcb13d21,1.67,1.64,2.68,2.38,2.18,2.08,2.55,2.77,3.57,3.5,10.0,11.0,22.0,14.0,17.0,15.0,21.0,11.0,14.0,9.0,2.51
4eb7b094196a039dfc81ab020c5e16d91ac9836bbf583446a72bd5ea9718ca9e,0.83,1.83,1.67,1.48,1.69,2.35,3.65,3.12,3.12,3.25,4.0,9.0,18.0,14.0,14.0,20.0,20.0,17.0,17.0,12.0,2.48
4f5c651737c6b6b255f25e5235d8c88098444482fd58493f5dbf83ebd063e478,2.75,2.36,2.86,2.42,3.33,3.78,3.11,3.47,3.62,4.0,12.0,11.0,22.0,16.0,18.0,18.0,12.0,19.0,13.0,9.0,3.17
503adefd1e68f00ea7b08a172fcdf2416045b763ea309ff1a71b35842a245037,2.08,1.91,2.75,1.84,2.88,3.29,3.27,3.12,3.38,3.5,12.0,9.0,22.0,13.0,20.0,24.0,13.0,20.0,8.0,9.0,2.84
5055c5f4524f596e8f8f6f6c8b88ff6edb01a57680d32bb8a2daef2d63bab221,2.0,2.18,2.57,2.56,2.89,3.03,3.2,3.45,3.94,4.0,12.0,11.0,19.0,14.0,22.0,16.0,15.0,22.0,16.0,9.0,3.0
50a230d56426b066377535258685bf60e3b10355bc9d198713a47aeb6fc0afab,2.17,2.08,2.0,2.86,2.57,3.55,3.47,3.75,3.11,4.0,8.0,9.0,12.0,22.0,21.0,21.0,19.0,18.0,9.0,9.0,3.03
50ada9de7119f1e6f70d55fa072a485795621d1c9b18d7499980631c66ddab81,2.5,1.0,1.92,3.03,2.15,3.28,3.12,3.35,3.93,4.0,12.0,8.0,15.0,17.0,14.0,18.0,20.0,20.0,14.0,9.0,2.91
50fbd487080dd68dfda39ffc2ff321742915cb987c5ff90a0ab4aee0ee3ab369,3.5,3.46,3.62,3.08,3.71,3.71,3.58,3.58,3.69,4.0,12.0,12.0,17.0,20.0,19.0,19.0,20.0,19.0,8.0,9.0,3.57
510d222361b90c63a89418afc3219f63840b596779badca18308584057834e99,1.08,0.95,1.61,1.71,2.04,1.9,2.24,3.3,3.32,3.5,8.0,9.0,16.0,14.0,14.0,18.0,18.0,20.0,19.0,9.0,2.28
511bc83a9f305e162b74df30e04a5250d2c23a84242353389f87788a5f5b012e,2.25,2.0,2.4,1.89,2.52,3.38,3.2,3.21,3.18,4.0,12.0,9.0,15.0,19.0,20.0,17.0,20.0,14.0,11.0,9.0,2.77
517aaadbaa11477a9bc7f4fbc41ae8f9b086025cb468d2f4b24f3356a94c0965,2.58,3.27,3.41,3.0,2.88,3.44,3.35,3.59,3.91,3.0,12.0,11.0,22.0,16.0,20.0,18.0,13.0,17.0,11.0,9.0,3.25
519882974156e1a52125fcf097d5eef0c2b2ea5303056613817a46aff32aa437,2.17,2.33,3.5,1.42,3.02,3.41,2.48,2.64,3.04,4.0,12.0,12.0,15.0,8.0,20.0,23.0,18.0,12.0,14.0,12.0,2.9
519f55bd83bdd8b1773ffae530ff248b50a242f67a1cb3983150101963e57ac1,1.33,2.42,2.38,2.16,2.8,3.15,3.43,3.0,3.39,1.5,6.0,13.0,15.0,16.0,17.0,24.0,23.0,18.0,14.0,9.0,2.75
51d796a3293d7b681d0d0738417ec018a01711261c22c6a9c6aaf54ac3bc4f5c,2.08,1.55,2.23,1.56,1.75,2.73,3.53,3.69,3.53,4.0,12.0,11.0,19.0,11.0,15.0,15.0,19.0,16.0,16.0,12.0,2.74
52170241f2ff3cd9110324dfe99604e65fbde9ccba0b6566900b63923debbd32,2.42,2.19,2.38,2.22,2.08,3.33,2.72,3.25,3.25,4.0,12.0,13.0,17.0,18.0,15.0,21.0,18.0,14.0,12.0,9.0,2.74
523372dd5e1003779fe67e079ad275bc6c15f2d6ce80b89a46aed5b9fc1a6502,2.33,0.5,2.08,3.21,3.09,3.35,3.53,3.29,3.5,3.81,12.0,3.0,18.0,17.0,19.0,17.0,19.0,14.0,16.0,16.0,3.09
5385dc5797116374db233d974d2ccdd20ff9ac1ce5d7ccdc9e797b1b5c6927a9,3.08,2.88,2.91,3.53,3.08,2.98,2.98,3.34,3.8,4.0,12.0,13.0,17.0,16.0,15.0,23.0,20.0,22.0,5.0,9.0,3.18
548c6b3efb4d04151c516f3ab4bebf4a4a3496403ea75cfdbaa25373719e1d0a,2.33,2.58,2.3,3.0,2.4,2.88,3.72,3.16,2.69,4.0,12.0,12.0,15.0,20.0,15.0,17.0,20.0,19.0,13.0,9.0,2.92
54bc2dd37cc2ea5b20c265a1e5be5d76f67c339069c30bfc11e2bde375281f4d,3.17,2.82,3.32,2.86,2.92,3.17,3.19,3.66,3.17,4.0,12.0,11.0,22.0,14.0,18.0,18.0,13.0,19.0,12.0,12.0,3.24
559f1e76367388607c1605eb1e52b2da87232cc05ab1a2aac784e540f2392071,2.42,2.96,3.83,3.09,3.12,3.58,3.44,3.53,3.75,4.0,12.0,12.0,18.0,17.0,17.0,20.0,16.0,17.0,12.0,9.0,3.38
56891b5168ff4704b17dbacd996a362caf5673e9c1d746ef718b011d4496ba8c,2.5,2.09,2.36,2.0,2.08,2.42,3.04,3.2,3.75,4.0,12.0,11.0,22.0,14.0,15.0,20.0,23.0,20.0,4.0,15.0,2.7
571438e17e4b6c788d147f9c803186f374de7267afcf84cc409db13a66761a08,2.33,1.83,1.33,1.72,2.17,2.89,3.2,3.26,3.22,4.0,12.0,10.0,15.0,13.0,20.0,22.0,20.0,19.0,9.0,9.0,2.59
573c2360881e111b87eddb5106f729332d4f1ae9369f622162913311b5380c1c,2.75,1.79,1.0,1.11,1.75,0.0,3.0,2.52,2.89,2.75,12.0,12.0,9.0,12.0,18.0,0.0,19.0,21.0,22.0,18.0,2.32
57e629ad5a37d4358bd8cbe63bf829ed5284da2ceb56d1eded654d200bb73ae1,2.17,2.08,3.0,3.22,2.7,3.6,3.45,3.62,1.6,4.0,10.0,12.0,19.0,20.0,20.0,20.0,21.0,13.0,2.0,9.0,3.1
581ac8c0e307dbbfa96bccefba5559b87ae6d3f94e9cace331ab099db545718c,3.83,3.58,3.65,3.74,3.07,3.69,3.56,3.76,3.55,4.0,12.0,12.0,17.0,17.0,18.0,21.0,18.0,17.0,11.0,9.0,3.62
581f7a90e776ee5e5a0b5e0815d720742c2a01824ca553baed2779e10ee507b9,2.75,3.41,3.25,3.19,2.92,3.57,3.07,3.79,3.57,3.5,12.0,11.0,22.0,16.0,18.0,15.0,15.0,14.0,14.0,9.0,3.29
591cc4d378a24a49fd7a86f50e963e00628af5d5fafc8f65afb39e73e25ac8f0,2.67,3.55,3.58,3.53,2.57,3.52,3.47,3.55,4.0,4.0,12.0,11.0,19.0,16.0,18.0,20.0,16.0,20.0,6.0,9.0,3.39
5990c4fab25e8d6bd313c9ce2e549b0bd4a8c0fb5da05c55b4604ee589625401,2.25,1.23,1.95,1.68,2.42,1.97,2.86,1.67,3.13,4.0,12.0,9.0,19.0,17.0,20.0,13.0,22.0,9.0,19.0,12.0,2.39
5a220dcbede041b467277569b083cf9d1004359bcabedc06a81a799dbe5cbff2,2.42,1.96,2.35,3.05,3.33,3.38,3.75,3.5,4.0,4.0,12.0,13.0,17.0,22.0,18.0,21.0,20.0,17.0,6.0,9.0,3.14
5a2bfa23532bb670166ee5aaa5a9ff38a8f36226a705d531eb593a41858b8539,2.17,2.88,3.42,3.5,2.35,3.92,3.57,3.93,3.69,4.0,12.0,12.0,18.0,19.0,17.0,20.0,21.0,14.0,13.0,9.0,3.36
5a4bfff1a6723920ce38e1234cc6e95a47302151b663703cba9a0d491cf6e924,2.33,3.21,3.08,2.68,2.83,3.58,3.87,3.72,3.5,4.0,12.0,12.0,18.0,17.0,23.0,18.0,15.0,18.0,6.0,12.0,3.25
5a667d2425796b41e858887e81271056c87bc72aa4d208c28f2499f3c2cb2f0e,2.75,2.36,2.59,1.31,0.83,2.24,2.25,2.92,3.22,3.0,12.0,11.0,22.0,11.0,9.0,17.0,16.0,15.0,23.0,15.0,2.48
5ae35b5fa73d5562309d59991f284862b4d11ea45a8626ab804c7e51da60815c,1.42,1.77,1.59,2.18,2.02,2.52,2.4,3.38,2.53,3.5,8.0,10.0,14.0,19.0,16.0,21.0,17.0,17.0,17.0,9.0,2.37
5aec3fee09fce208b2063e1ee8bf381afd88a50d82381a07b6aabacb45fabf6a,2.0,2.18,2.52,2.78,2.5,3.03,2.97,3.32,4.0,4.0,12.0,11.0,22.0,16.0,18.0,19.0,15.0,22.0,6.0,9.0,2.85
5bbcae50cfb7d25b97b27ca55ca2e3c34829406f3154f945847628df971b4f09,3.0,3.27,3.73,3.62,3.43,3.71,3.17,3.84,3.58,4.0,12.0,11.0,22.0,16.0,21.0,17.0,18.0,16.0,12.0,9.0,3.54
5be3eab88271d9868c1972351a49ae0b95e76a44c79727109d79d836f6655dfb,2.0,2.54,3.1,2.77,2.83,3.4,3.59,3.0,3.7,3.73,8.0,13.0,15.0,15.0,18.0,21.0,23.0,17.0,10.0,11.0,3.12
5d8b6acc67718c9ba1bd1704ba3b5ead8c440b663c0048250967454388f7498a,1.75,0.45,2.86,1.89,2.14,2.86,2.92,3.7,3.73,4.0,12.0,5.0,22.0,16.0,21.0,21.0,18.0,20.0,11.0,9.0,2.74
5e40d85bc3fe5510f3cda2e6c5a60f4b466c978f7c4d6f4803bab436e6410470,1.92,2.21,2.4,1.32,2.36,2.6,2.95,3.5,3.56,4.0,8.0,12.0,12.0,11.0,18.0,20.0,21.0,22.0,9.0,9.0,2.72
5e6761addca327ec83bf00845b91ede2ca42eceb0fa91496fa958fe1aeefa342,3.0,2.95,3.34,3.06,2.64,2.58,2.97,3.44,3.53,3.5,12.0,11.0,22.0,16.0,21.0,18.0,15.0,18.0,18.0,9.0,3.09
5e6f3c318684695d3633558fb9b714bea1f4ca455eaa4d4eb6efe75a71192dad,2.58,2.17,2.32,3.47,2.82,3.11,2.87,3.0,4.0,3.5,12.0,12.0,17.0,17.0,20.0,19.0,19.0,14.0,6.0,9.0,2.92
6016a16a99905b080899365604490e6962a66373ee5eac23cd6a95cf52e6857b,3.08,2.14,2.52,1.39,2.43,2.5,3.18,2.93,3.67,3.62,12.0,11.0,19.0,9.0,18.0,17.0,20.0,15.0,9.0,12.0,2.75
61021a807cf9bc44776886bccd965871f76fff2e49e67ce176d94ae00331c893,1.83,1.64,1.98,2.25,1.79,2.43,2.34,2.88,3.38,3.62,12.0,9.0,19.0,16.0,15.0,18.0,14.0,16.0,16.0,12.0,2.43
61b88f39d6db23a6bb42cc55d39957f64b1bf46a797472469b8c51ac29d40c16,3.17,2.21,3.5,3.55,3.78,3.91,3.78,4.0,4.0,4.0,12.0,8.0,18.0,21.0,20.0,17.0,18.0,14.0,7.0,14.0,3.65
62a47f22facbe433a492883774f40333c6d49087e63064f460f4e7afeaf90fcb,3.58,3.08,3.42,3.78,3.57,3.93,3.15,3.59,3.62,4.0,12.0,10.0,18.0,20.0,21.0,21.0,17.0,17.0,8.0,9.0,3.58
62bf5337abcf0a36a80902e9698e0efe124bd8384849717e9e5b813f19e9f90d,2.17,0.67,2.0,2.19,2.08,3.18,3.58,3.37,3.0,4.0,12.0,5.0,18.0,13.0,18.0,20.0,19.0,19.0,10.0,12.0,2.77
63743cc1877591774fb8d042ba2995394473399dac139d838f685dbe038d1a2a,2.75,3.23,3.45,3.69,3.0,3.39,3.58,3.59,3.68,1.85,12.0,11.0,22.0,18.0,17.0,22.0,19.0,23.0,19.0,9.0,3.33
64aab885feb6f68b4f726e4a363db639452da9279622d49d597b81f84fbab878,2.58,2.82,2.37,2.82,2.58,3.45,3.52,3.71,3.82,4.0,12.0,11.0,16.0,19.0,20.0,21.0,22.0,17.0,11.0,9.0,3.14
64d3bbaa9b76376e99a467a4a0a58053e758023c2f121178d7b631f4698639f6,2.5,3.32,2.84,3.38,3.0,3.57,3.73,3.46,3.75,4.0,12.0,11.0,16.0,16.0,18.0,21.0,13.0,14.0,16.0,9.0,3.34
64e7e521c43a2061c56465bef5495389f6f3317f0a8b37a11d8dcc8c8f970418,2.08,2.0,2.5,1.25,2.26,2.43,2.84,2.88,2.64,4.0,12.0,12.0,15.0,13.0,21.0,20.0,19.0,18.0,11.0,12.0,2.49
654739bd9e0a76774be82ef18438a6edc62119fe6ab9388bd24de2decfa59f7c,2.17,1.68,2.0,2.32,1.98,2.61,1.96,3.8,3.19,3.62,12.0,11.0,22.0,14.0,20.0,18.0,11.0,5.0,24.0,12.0,2.47
65a4d814df4ac60e41822ff8e98841efbacdddf17381fcfd09f6561ce7c0b351,2.83,2.17,3.0,2.76,3.15,3.92,2.12,3.45,3.86,4.0,12.0,12.0,18.0,19.0,20.0,19.0,13.0,22.0,7.0,9.0,3.12
661ae8942cdfef677ffca7f273b9913ab99a3f102d3b0eda013f771ca5408b0e,2.08,2.09,2.92,2.08,1.5,2.35,3.17,3.35,2.36,4.0,8.0,11.0,19.0,17.0,12.0,17.0,21.0,17.0,7.0,12.0,2.67
663f13f42dfb6b28de1c76ac2e4ed27894a9a403690f6de8a98079437b9ee253,1.58,3.0,2.35,2.52,2.07,2.98,2.39,3.53,1.0,3.0,8.0,13.0,17.0,21.0,22.0,23.0,17.0,17.0,3.0,9.0,2.59
6642b5bccda5e9f1e60c4f783ce7d024f7b32034ae20cc4d8e3c31baa405930b,2.92,3.12,3.58,3.71,3.5,3.72,3.14,3.53,3.64,4.0,12.0,12.0,18.0,17.0,20.0,20.0,18.0,18.0,11.0,9.0,3.49
6656fc232026e5215ce84f3504ffa7fdeb77341f201eec6fe5b6e94ead40e6c1,3.0,2.82,2.93,2.41,3.21,3.83,2.81,3.62,3.8,4.0,12.0,11.0,22.0,16.0,19.0,18.0,16.0,16.0,10.0,13.0,3.22
66ba27e8ad812e1eafbe6ecc5346e365f3cdafe9e0f142c41d119ee92c2ab44c,2.83,2.08,2.8,2.88,3.12,2.9,2.5,3.75,3.55,4.0,12.0,12.0,15.0,17.0,17.0,21.0,13.0,14.0,11.0,12.0,3.03
67e9f8948f03fbcdaaf16ca7a0409b69b407dbeb34c26f5c3aa1e562c47dc8c8,2.92,3.38,3.24,3.03,3.76,3.69,3.76,3.55,3.0,4.0,12.0,13.0,17.0,16.0,19.0,18.0,19.0,22.0,2.0,11.0,3.49
684fc533ce64f4b10cb4de2d3ad34e8ceee2dcf6b2f1ec37e8b6d72ebcfe43a9,2.67,2.58,2.65,2.64,3.11,2.9,3.04,3.5,3.75,3.41,12.0,13.0,14.0,18.0,22.0,21.0,11.0,20.0,12.0,11.0,3.02
687e58fd3e7db8faf8c9a0c6873472a78218939c97de7131c7a85c9b36b4d1f7,1.67,1.23,2.3,1.31,2.2,2.48,2.34,3.06,3.17,3.0,12.0,6.0,22.0,12.0,20.0,19.0,16.0,16.0,15.0,9.0,2.35
6a03a059de32d7d9c17ab08ce12735ceaff2f4d23992704b2e206aa3d241f6bb,2.58,3.0,3.37,3.12,2.95,3.53,3.8,3.26,3.88,4.0,12.0,11.0,19.0,17.0,19.0,19.0,15.0,17.0,8.0,9.0,3.31
6a1c37d0977851fb1c2a09f80060abeebbdbb74c0b26d2d88e7d4c46cfadd5fb,1.25,0.59,2.25,2.29,2.67,3.21,3.07,3.54,3.08,4.0,8.0,5.0,22.0,14.0,18.0,19.0,15.0,13.0,12.0,12.0,2.76
6a69ca06c06e9aa596104167065231330fe9b6e58956d7377337ac4ded419122,3.42,3.46,3.56,3.5,3.47,2.61,3.72,3.56,3.7,4.0,12.0,13.0,17.0,15.0,19.0,19.0,18.0,16.0,10.0,12.0,3.47
6ae500a24dca445d8a3237b8ac43c602f3f4c1ed9b5efd85bce74246ffd38098,2.75,2.18,2.52,2.53,3.09,2.98,2.19,3.34,3.5,3.5,12.0,9.0,22.0,14.0,17.0,20.0,13.0,19.0,12.0,9.0,2.86
6b2be791b9c0ca08c24652650d4b418c46b2accefde9b5d51f4b8c2f10dd57a0,2.08,2.62,2.88,2.1,2.47,2.79,3.12,2.84,3.29,3.7,12.0,13.0,17.0,12.0,15.0,19.0,16.0,16.0,21.0,15.0,2.84
6c349086483e7bdff8f6c0d13a2d70b90e34dbd928d5ade9996147d5c8af1688,0.92,0.71,1.17,2.0,2.88,3.4,3.3,3.02,1.69,3.0,4.0,5.0,12.0,15.0,24.0,20.0,15.0,20.0,7.0,9.0,2.57
6c5db012bb2b6b10cf7722174756e35ff646e17a75c20b401c029188c8ee5a83,2.67,2.9,2.7,2.13,3.18,3.52,3.21,2.92,3.73,1.93,10.0,10.0,15.0,16.0,22.0,23.0,17.0,18.0,15.0,9.0,2.98
6c711fb0d3679a134159292baf2bb638fca9d456c754bc90832f42ca4e4f7997,2.25,1.42,1.2,1.59,0.86,2.7,2.5,2.3,3.36,3.62,12.0,9.0,12.0,12.0,12.0,23.0,18.0,15.0,21.0,12.0,2.32
6c9fed22198e2b0ace0a687dd4706818a759bd6c0c8c0fdadc8af860d6b10ce2,2.5,2.95,2.84,3.47,2.95,3.31,3.37,3.71,3.82,4.0,12.0,11.0,19.0,19.0,20.0,18.0,19.0,17.0,11.0,9.0,3.26
6d25b4d60aa5d6b1e7689058b8792d4c692ec2773d5341193794a8f7275ff319,2.33,1.58,2.2,1.3,2.1,3.1,3.5,3.1,1.85,3.46,12.0,9.0,12.0,12.0,20.0,21.0,18.0,21.0,14.0,14.0,2.57
6d7f66a1ed4d26f7ccd3760df9c534f4a157034b287cc198624422d2f0223c78,3.75,3.65,3.29,3.53,3.78,3.04,3.41,3.54,3.73,4.0,12.0,13.0,17.0,16.0,20.0,21.0,22.0,13.0,11.0,9.0,3.52
6e0924b071eb19c84285b6a06637c9fcb6bc4b3fb66585cb23a0e8e01c663b74,1.58,2.12,1.41,2.62,2.84,1.72,3.0,3.39,2.42,3.92,8.0,13.0,14.0,12.0,16.0,15.0,22.0,19.0,13.0,13.0,2.59
6e741d9d70d3206bd85b2662699359cc296d0fa060bb223b4ebd8ba687450d1a,2.83,2.71,3.08,3.13,3.18,3.45,3.71,3.72,3.43,4.0,12.0,12.0,18.0,19.0,20.0,21.0,19.0,18.0,7.0,9.0,3.32
6e8a6b8e5d98295dccead8e15a340c4a504080641b112b648e304806e457a4bc,1.83,0.0,1.97,2.03,1.92,2.96,1.37,2.17,2.78,4.0,12.0,0.0,13.0,17.0,20.0,20.0,14.0,13.0,20.0,14.0,2.37
6e9c546d2ba5365070c03c25e33c974204ddb752602957788369131e634973d4,2.67,2.82,2.16,1.39,2.06,2.6,3.1,3.36,3.7,4.0,12.0,11.0,22.0,14.0,14.0,20.0,20.0,18.0,10.0,9.0,2.71
6f1d66570e16174ebfafdfbb1e46f414f960a51d58b096fd2e425fd25445dd55,3.42,3.54,3.59,3.29,3.72,3.67,3.41,3.57,3.82,4.0,12.0,12.0,17.0,17.0,20.0,21.0,17.0,14.0,11.0,12.0,3.59
6fc85a0765544135b013a1b6ce107bdde0c8465a1f80c5b82cd42fed060a2d1e,3.08,3.0,3.35,3.44,3.43,3.0,3.23,3.29,2.83,4.0,13.0,15.0,17.0,17.0,21.0,17.0,22.0,14.0,6.0,9.0,3.27
6fe5978584be5141d5ea2fe66968f6744c253f16dd3cd91f2c1aa0cd42640700,1.5,1.64,2.36,2.41,2.55,2.2,3.46,3.05,3.5,3.62,12.0,11.0,19.0,16.0,20.0,17.0,13.0,20.0,7.0,12.0,2.6
7046a9b03a0d256c62c22118c8a1179b853e90bd2f27670b06bceb144b3e9754,2.58,2.54,2.47,1.9,2.29,2.7,2.58,3.25,3.39,4.0,12.0,13.0,16.0,18.0,16.0,22.0,11.0,14.0,18.0,12.0,2.74
70c0e9cea701b822fe290b24c4230c061d526c722dfec71ae72b8079784558fc,3.58,3.08,3.56,3.67,4.0,3.34,3.73,3.77,3.71,4.0,12.0,13.0,17.0,15.0,20.0,19.0,22.0,22.0,7.0,9.0,3.65
714c94414f6053ff0116d41ac5a299a3e2aa37940a89c65c4df2d3743f2f80bd,2.0,1.85,2.59,3.31,3.41,3.08,3.25,3.64,3.08,3.25,12.0,10.0,17.0,21.0,22.0,20.0,16.0,11.0,20.0,14.0,3.02
737886b8293531733676f9b2fbb2d69ad012be48da50c3a066e6e8b04cd68a89,1.67,0.95,2.55,2.22,2.43,3.68,2.91,3.18,3.62,3.5,8.0,9.0,19.0,20.0,20.0,20.0,16.0,20.0,8.0,9.0,2.74
73ab86b98284ba5441fa0c292f0740861695729f71723f6293763a024d9d95f0,3.58,3.64,3.39,3.09,3.33,3.58,3.28,3.47,3.7,4.0,12.0,11.0,22.0,16.0,18.0,19.0,16.0,18.0,10.0,9.0,3.46
73c17942a95da1beff8ec52d2d10d8cb4deb493327e3c07936686ad82dcae2de,1.92,1.08,1.29,1.65,2.02,2.37,2.77,3.0,3.5,3.0,8.0,9.0,11.0,14.0,17.0,16.0,24.0,17.0,18.0,9.0,2.39
74bb7745a1ea51a83515167d5e9654a36f95cf8f962ff2725bcf9a4fc42fccd9,2.0,0.42,2.5,2.58,2.21,3.9,3.87,2.68,3.45,3.5,12.0,5.0,18.0,20.0,16.0,15.0,19.0,20.0,11.0,9.0,2.85
74fa1945a200e1f3ed7e6ea93b77e40abebf50fee65227d1ab2d9a234c86896c,2.0,1.41,3.05,2.34,3.02,3.32,2.82,3.69,3.5,4.0,12.0,11.0,22.0,14.0,20.0,19.0,19.0,16.0,18.0,9.0,2.97
75de4087aa8a73915a50119b52419f89cc435820dc7cab1ddac80c3a63166871,1.92,1.77,1.86,2.75,2.18,2.06,3.0,3.64,3.4,4.0,12.0,11.0,19.0,16.0,19.0,12.0,19.0,22.0,10.0,9.0,2.65
75e4ad6da6f685c756a3517d571978aaab51bd66b71032be659f7821c5a8a1ea,2.75,2.21,2.12,2.35,2.15,1.89,3.41,3.19,3.13,2.0,12.0,12.0,17.0,20.0,20.0,18.0,16.0,16.0,15.0,9.0,2.52
76d6ce3b79112b02768ca41fa32f43257ff029949b827d059566cf05f800cf17,1.33,1.42,1.88,3.05,2.75,2.86,2.9,3.4,3.71,4.0,8.0,10.0,14.0,20.0,18.0,18.0,20.0,20.0,7.0,9.0,2.79
7749db4962ccaa58ad32dc5e42610bb44a4c39881a8aecbe04e8872d589e401c,3.17,2.27,2.3,2.56,1.88,2.74,2.12,2.93,3.43,3.61,12.0,11.0,22.0,17.0,17.0,18.0,16.0,14.0,14.0,14.0,2.66
775b12c8ce4318c5df9cf21dc134a9da7f142299e5d0a95100135e1a4e11fe18,3.83,3.46,3.65,3.68,3.95,3.61,3.09,3.84,3.5,4.0,12.0,13.0,17.0,19.0,21.0,19.0,20.0,19.0,2.0,9.0,3.66
78f7a42601265f981c2f0c9789a0705bdfe7373b6f401bbcc5f2b20fd9bd285f,1.42,1.75,3.0,1.53,3.15,3.25,3.19,3.76,3.43,3.5,10.0,9.0,18.0,13.0,23.0,12.0,18.0,21.0,7.0,12.0,2.92
7920437daca6e73c4691983e8bd49138f53cdd72b52b67b32694de0943274c58,2.58,2.73,2.5,1.47,2.83,2.98,2.62,2.93,3.77,4.0,12.0,11.0,19.0,11.0,18.0,21.0,21.0,15.0,13.0,12.0,2.84
7961e1388cb732589c33b66a6b16dee5de1b01a5497c90121e0f38e660638e09,3.33,3.33,3.25,3.82,3.95,3.8,3.7,3.61,3.55,4.0,12.0,12.0,18.0,17.0,20.0,20.0,20.0,14.0,11.0,9.0,3.65
7979d3a38647292bf64e5c18e75605ac6481ff8723513556a77669eca52f265a,2.33,1.17,1.5,1.67,1.45,3.05,3.81,2.93,2.32,3.5,12.0,6.0,18.0,15.0,14.0,10.0,24.0,19.0,14.0,9.0,2.47
79bea504a3a66065ecbd370de6a1c2fe6311229c2ab3ea0a0d4b0eddef81d2f9,2.67,2.83,3.08,3.16,3.12,3.31,3.71,3.56,3.57,4.0,12.0,12.0,18.0,19.0,20.0,21.0,19.0,18.0,7.0,9.0,3.28
79e3a14d32a8019a43315fc9746c074593402840c6d3d89b2b77473a8d9945de,2.83,1.69,2.56,3.11,3.5,3.26,2.63,3.4,2.0,4.0,12.0,13.0,17.0,22.0,19.0,21.0,19.0,15.0,3.0,9.0,2.97
7a4f9e8d3948089f13063ef7bd21f3856bd612157495ac00ff582b0a75e3b41e,2.42,2.09,3.59,2.94,3.36,3.71,2.94,3.75,3.88,3.41,12.0,11.0,22.0,16.0,21.0,19.0,16.0,16.0,13.0,11.0,3.27
7a9fa003785e28a9ce4b6dd49880cf9f9d622b46f8589c2f59151259e6829779,3.42,3.42,3.75,3.82,3.85,3.95,3.75,3.5,3.73,4.0,12.0,12.0,18.0,17.0,20.0,20.0,20.0,14.0,11.0,9.0,3.74
7abb6c03a6f55b21fe0a2bf87951668c3eda864e446af7c5f0bc3cc1a5bcf815,2.5,2.91,3.24,3.06,2.58,2.98,3.13,3.68,3.75,4.0,12.0,11.0,19.0,16.0,18.0,18.0,19.0,14.0,16.0,9.0,3.16
7ae4e9001c10c78d289fa80ec4bb0ff22f262f435f4a5a47e8f244206d029c19,2.17,1.17,0.82,1.59,0.6,3.48,2.58,3.56,3.56,4.0,12.0,9.0,11.0,12.0,6.0,20.0,18.0,24.0,18.0,9.0,2.66
7af6e8c5098615b883a0c209e08c778822a326b41c72a8448d5a87d0081c53d3,3.0,3.23,3.0,3.21,3.05,3.2,3.33,3.39,3.7,4.0,12.0,13.0,17.0,19.0,19.0,20.0,21.0,18.0,5.0,9.0,3.25
7b537738a80b4bac0460231eded02b383f3314bca77c40bd25649fff644cd5b1,3.25,2.64,2.91,2.53,2.12,3.05,3.27,3.62,3.61,4.0,12.0,11.0,22.0,16.0,14.0,21.0,13.0,16.0,18.0,9.0,3.08
7b6b115bdcc5633f963ff6ca8b0497a4c5c0d7153fb143d320beb5fa71e2cf83,2.42,1.96,1.75,1.81,1.35,3.13,3.42,3.1,2.92,3.5,12.0,12.0,15.0,16.0,11.0,19.0,18.0,24.0,12.0,9.0,2.6
7b7ea62f9057b13dbcc56e45473f5bf1c72881e3260bae5574a2421a3c25bf72,2.83,2.86,3.41,2.53,3.16,3.37,2.68,2.68,3.58,4.0,12.0,11.0,22.0,16.0,19.0,19.0,11.0,18.0,12.0,9.0,3.1
7bf01fcdf89f9bfc5380bf91dd3f40c6cdc0c5c1ae5f86b24508aa6dad8fca66,2.67,2.27,3.55,2.91,2.08,3.14,3.53,3.81,3.92,4.0,12.0,11.0,22.0,16.0,15.0,18.0,18.0,16.0,12.0,9.0,3.2
7c33d9fd2d5553bcdff86993b933229f165150ea6ab0b8a7e2eb0cd1beff7f36,2.75,2.54,2.76,2.8,2.42,3.6,3.34,3.62,3.56,4.0,12.0,12.0,17.0,20.0,20.0,20.0,16.0,20.0,9.0,9.0,3.1
7cb07a46c2417c1a778d0d096df8111fbae3c75be44b724fc805b6e8f14b7c5a,2.17,2.77,2.93,3.03,2.35,3.12,2.27,3.62,3.88,4.0,12.0,11.0,22.0,17.0,17.0,20.0,13.0,20.0,8.0,9.0,2.98
7d1e7957c633e66854cd9f4620bc61d29df5f944bf7c4148ddb281dbe24dd8c2,2.58,2.59,2.98,2.44,2.08,3.05,2.83,3.42,3.67,4.0,12.0,11.0,22.0,16.0,18.0,19.0,19.0,20.0,6.0,9.0,2.89
7db0065e2069f806d164fa3b7f96326547d570dc590b582bfb939174af270c66,3.08,2.0,1.1,1.95,3.26,2.0,2.53,2.62,2.75,2.62,12.0,13.0,9.0,8.0,17.0,16.0,17.0,22.0,20.0,14.0,2.49
7e1b754b3d9ded506586619d76d9c5430351ba4952a78e061d6342a8310ff889,2.83,2.88,3.08,3.37,3.03,3.52,3.62,3.53,2.25,4.0,12.0,12.0,18.0,19.0,19.0,21.0,16.0,15.0,9.0,12.0,3.26
7f599e7c72b7c5039fd9c56e04b37de171f2a2efc55f59878a49b131f0e2eb99,2.83,2.64,2.52,2.31,2.71,2.34,2.97,2.8,3.53,4.0,10.0,11.0,22.0,14.0,17.0,13.0,18.0,17.0,17.0,12.0,2.85
811292e03a1a391ef51c114d2072ec4e22b172f5673f10761b078a445e609ec7,2.0,2.45,2.23,1.94,1.94,2.91,3.5,3.61,3.8,4.0,12.0,11.0,22.0,13.0,14.0,22.0,18.0,14.0,10.0,12.0,2.81
8138ab4f23725fd2bcf7fa36c7cfdb61e0c6300106f28238e2242da493ab8c1f,2.67,2.42,2.58,2.94,3.29,3.52,3.59,3.45,0.0,4.0,12.0,12.0,15.0,17.0,21.0,24.0,22.0,11.0,0.0,9.0,3.19
81545dc97404f526218d8f486c3d707805cb2298b855ffea713425864937e90e,0.92,0.58,0.9,2.06,2.2,2.91,1.88,3.16,2.94,3.69,4.0,5.0,6.0,13.0,22.0,16.0,18.0,19.0,16.0,13.0,2.44
81efb1dcf49701e03cdf7cc8eb88a97f1ee3584c0cd2936051fab401ea2b3491,2.75,3.45,3.34,3.65,1.9,2.92,2.34,3.5,3.33,4.0,12.0,11.0,22.0,17.0,14.0,17.0,16.0,16.0,15.0,9.0,3.1
822300623cf330359266da2ad2b2a2ffe1fa4d6e52bdb291a0618c0302b54bb7,2.33,2.5,2.12,2.33,2.18,2.96,3.38,3.18,3.75,4.0,12.0,12.0,20.0,20.0,16.0,13.0,21.0,20.0,12.0,9.0,2.81
823cc2a10c630ebbee9aab6b7f91bbcf08d19bfe7200f18d69edb8a946ce23c2,3.25,2.59,3.29,2.59,2.42,3.07,2.25,2.73,3.5,4.0,12.0,9.0,19.0,17.0,15.0,21.0,13.0,15.0,16.0,9.0,2.96
8260430110cbe25a4542fb251ede88d600e0fcd9189f87c43525bc736473b104,2.83,3.67,4.0,3.08,3.57,3.9,3.75,3.67,4.0,4.0,12.0,12.0,19.0,20.0,21.0,20.0,18.0,23.0,7.0,9.0,3.63
82a4d5f50f129f2decd96e6e577bfe819df1b6d13bdf4f747edd2deb0c2aab79,2.67,3.46,3.08,3.62,3.82,3.56,3.91,4.0,3.8,4.0,12.0,12.0,18.0,20.0,20.0,17.0,16.0,16.0,15.0,9.0,3.6
83122df778d58c4ab0e3a35ae6f0c367ef4a95cf33915104825c3ead3d2e14cf,3.0,3.32,3.45,3.69,3.07,3.85,4.0,3.67,4.0,4.0,12.0,11.0,19.0,16.0,21.0,20.0,13.0,18.0,8.0,9.0,3.57
836005ad74a7b6bd59b99fb717cd60d816600d5d2992e8c806c9fdfc8be043b4,1.0,1.08,1.95,2.55,2.7,2.92,3.62,3.06,2.94,4.0,4.0,6.0,22.0,20.0,23.0,18.0,17.0,17.0,8.0,9.0,2.72
8405f427c86846234061a875b6d705380cc16e030cd6dc81273d2717c794c5c8,3.0,2.21,3.7,3.32,3.48,3.61,3.5,3.25,3.09,4.0,12.0,8.0,15.0,20.0,20.0,23.0,19.0,16.0,11.0,9.0,3.38
85c7a415cfa14ca63a5423b2bc6ab505c87ed6573397098bee5d04613723d736,1.75,1.83,2.1,1.62,1.83,1.86,2.37,2.71,3.16,4.0,8.0,12.0,12.0,11.0,15.0,19.0,16.0,21.0,16.0,12.0,2.36
85f43e48dd6164ae64f5c9c6f4896f0acc1233d48e188c51f451d14fa099a0d8,2.42,2.41,2.55,1.82,1.55,2.48,2.22,3.11,3.5,4.0,12.0,11.0,21.0,11.0,13.0,18.0,23.0,23.0,10.0,9.0,2.57
86267da32ef14c1943de856cfb9b2fc556ef5516900abc90124ffd74c780b4b3,2.67,2.0,2.98,2.53,3.08,3.74,2.61,3.33,3.38,3.5,12.0,11.0,22.0,19.0,18.0,17.0,18.0,12.0,16.0,9.0,2.98
8638720330437f1ce9f9f6607b6d086170565cc6dd5f2b7ce4b28fddae2a1677,3.0,2.86,3.32,2.45,2.29,3.12,2.67,3.44,3.7,3.0,12.0,11.0,19.0,20.0,14.0,19.0,15.0,18.0,10.0,9.0,2.97
8677b324820f473b193b3090a601af3f625c4629f5a508ebf7dee89098b35aa9,3.25,3.54,3.41,3.36,3.57,3.31,3.95,3.64,4.0,4.0,12.0,13.0,17.0,22.0,21.0,21.0,21.0,11.0,3.0,9.0,3.55
8773f21e06db8aacf133caf5736c6d713f5239735b70e7d7a80270e5decd64cf,1.83,1.77,1.98,0.93,0.8,2.15,1.97,2.78,3.34,3.62,12.0,9.0,19.0,8.0,6.0,14.0,16.0,23.0,22.0,12.0,2.34
888cf73352fbff9e227a8da8157bfe1e3eb4399a9ddefadd31f33196bd1b20a7,2.5,3.36,3.16,2.91,2.44,2.78,3.25,3.94,3.6,3.88,12.0,11.0,22.0,17.0,17.0,18.0,16.0,16.0,15.0,12.0,3.16
8a8b68cbeba0a630ae48ee42997c595be91cb3eec3bbab5c3b90093353ddb4f6,2.33,2.42,1.35,3.14,2.83,3.38,2.62,3.34,3.36,4.0,12.0,13.0,11.0,18.0,23.0,21.0,12.0,16.0,11.0,9.0,2.91
8ab94b478ffb3593f13cf4a5d17327270c75adda166977008aef2162618e60a8,3.17,3.05,3.8,3.28,3.71,3.39,3.53,3.75,3.62,3.21,12.0,11.0,22.0,16.0,21.0,19.0,16.0,14.0,8.0,14.0,3.48
8ba007349a6b31663155dc48377c77fd31acf3987ff8bfe05392a384d0e707d5,1.83,2.5,2.29,1.35,2.02,3.34,2.59,3.09,3.12,3.04,8.0,12.0,17.0,14.0,16.0,16.0,16.0,14.0,13.0,14.0,2.54
8c1a7bf3ec8d773c09b3ba5d1b3356b085e5fcbb1f8707442a7b45402fe5d8ee,2.83,2.0,2.03,2.44,2.08,2.46,3.0,3.35,3.75,4.0,12.0,13.0,16.0,16.0,18.0,20.0,23.0,20.0,4.0,9.0,2.68
8c6c4581ed8dc948bd370c3139fcf438cc37b65f8433845206dc1ca55e1e5c52,0.92,1.46,0.88,1.21,1.66,2.15,3.53,2.86,2.81,3.71,8.0,7.0,14.0,11.0,16.0,14.0,19.0,21.0,18.0,14.0,2.32
8d60fea53224a2302e028aeb66f8ed4156917a78e10909a63ef545fe0f9ffd39,2.25,2.0,3.17,2.76,3.28,3.68,3.03,3.37,1.0,4.0,10.0,12.0,18.0,19.0,20.0,20.0,18.0,19.0,3.0,9.0,3.06
8d9d18a736c8fa6927588cd674a3658b537030b1ab3f80c58bcca0fc31f1c440,2.92,2.81,3.09,3.0,2.37,3.08,2.93,3.64,2.82,3.5,12.0,13.0,17.0,16.0,16.0,19.0,19.0,14.0,11.0,9.0,3.0
8dcc411eaf83f049d68cf2c8db23abd843858cb0d18f8cde23092db57592f40e,2.5,1.29,1.44,1.5,1.83,1.87,3.37,2.98,3.0,4.0,12.0,10.0,11.0,11.0,15.0,16.0,19.0,22.0,12.0,12.0,2.47
8dd3c7eb0da0a19110c7422a3467ce26222f61579cdb93bb03f4751015826831,2.08,1.92,1.18,1.91,2.5,2.94,3.55,2.95,3.57,4.0,12.0,13.0,11.0,17.0,15.0,17.0,21.0,22.0,7.0,9.0,2.66
8e4c57fb8c1146b55e8f3b5393ebbd9c319906a0e815054285347b673857581e,2.33,2.15,2.74,2.58,2.98,2.3,2.95,3.5,4.0,4.0,12.0,10.0,17.0,19.0,22.0,20.0,21.0,20.0,3.0,9.0,2.85
8e8c6a83cd64e800f45d4f464ff12087cac5f43c3d18e4e3736a22957f68cc3f,1.42,1.55,2.34,2.0,2.0,2.5,3.04,2.87,3.58,4.0,8.0,11.0,22.0,13.0,18.0,17.0,11.0,23.0,12.0,12.0,2.55
8f02f7bcff76d78229ea27de3605962843a4d7e78a19b487ff057a751639db44,2.33,2.59,2.73,2.53,2.24,2.61,2.76,2.91,3.67,4.0,12.0,11.0,22.0,16.0,20.0,17.0,19.0,16.0,12.0,9.0,2.76
8ff7118f7a00b746d66e982d3af7ec3ff32638f0704da7d8ad04517b75f6b08e,1.92,3.64,3.13,3.38,3.43,2.26,3.12,3.31,3.73,4.0,12.0,11.0,19.0,17.0,22.0,17.0,21.0,13.0,15.0,12.0,3.18
9046e277b2c2d7d5ed130a2b079500900e62a2be177a1e05cc847cb40cfdd8b5,3.17,1.75,3.5,3.48,3.71,4.0,3.95,3.69,2.44,4.0,12.0,10.0,15.0,20.0,19.0,19.0,19.0,16.0,6.0,12.0,3.52
91befbe0079a4b546d5b0049cc09d42eaccf4f8e286829381545f88b36ef47f1,2.83,2.36,2.93,2.19,1.71,3.25,2.58,3.43,3.5,3.18,12.0,11.0,22.0,16.0,18.0,20.0,13.0,14.0,14.0,11.0,2.79
9203ebdb160f4b72e3fd6d6bf83d1805c6dfb78157c02e2d15a42cd25ce39800,2.0,1.69,3.2,2.16,1.95,3.08,3.0,2.81,3.25,3.5,12.0,13.0,15.0,19.0,20.0,19.0,16.0,18.0,12.0,9.0,2.62
9287c3ffbbddf8a19af6fb98332a4389ee544ec5f7b67fe1190ac43e031c563c,2.67,2.23,0.73,1.91,2.0,2.79,2.67,3.17,3.67,3.88,12.0,11.0,10.0,14.0,18.0,21.0,22.0,21.0,9.0,12.0,2.6
938aae3930126d455182f349dea9aaf435c81212062e3a59dc0ff37187a69201,1.58,1.59,1.57,1.25,2.02,2.97,2.5,3.03,3.47,4.0,8.0,8.0,16.0,11.0,20.0,18.0,19.0,16.0,15.0,9.0,2.44
93bac16b1b145516b6dab8e099814043061531aec9c3cdffca6565993c9f098b,2.58,2.65,2.88,3.03,3.29,3.1,3.75,3.55,3.0,4.0,12.0,13.0,17.0,19.0,19.0,20.0,16.0,22.0,5.0,9.0,3.19
93f3b19085c047dce60eeebd208ad83da981bdf76a613fdc77286d357a532b48,1.83,2.55,2.26,1.44,1.5,3.17,2.94,3.19,3.75,4.0,8.0,11.0,19.0,13.0,15.0,21.0,16.0,21.0,8.0,12.0,2.68
93f4722c06790f5bf1a5a4e5c0a99c8ab95126933df9a72ac3a7e0cdd95bc2b2,1.25,0.45,1.03,1.78,1.83,1.12,2.91,2.9,3.22,2.95,8.0,2.0,7.0,18.0,15.0,11.0,22.0,12.0,23.0,19.0,2.33
93fd0ffd0a472e8d776b649f8d1a401efc5e950090db04b84bce908b64d47ed8,3.08,3.58,3.5,3.89,3.86,3.82,3.8,3.61,3.82,4.0,12.0,12.0,18.0,19.0,21.0,17.0,15.0,18.0,11.0,9.0,3.7
95eb7aed038575fd6e68a8bf23c255ed4fa971d93d9dd18a504ab83a4f050260,2.17,2.54,2.47,2.68,3.18,3.26,2.72,3.0,2.8,3.5,12.0,13.0,17.0,19.0,20.0,17.0,15.0,12.0,15.0,9.0,2.83
971541168c4eb00e39a24511c21f1414bd4926c8d456fc0ce8a92277b5539677,2.42,3.23,2.39,2.47,2.58,3.5,3.24,3.5,2.76,4.0,12.0,11.0,19.0,19.0,15.0,17.0,21.0,20.0,14.0,9.0,2.98
992bda93b9ca85255d635956517474c608ab0d280f2e74903964f13e84bacbec,2.67,3.15,2.26,3.11,3.22,3.16,2.79,3.21,2.15,4.0,12.0,13.0,17.0,19.0,20.0,22.0,19.0,14.0,9.0,9.0,2.97
9976a0f03ae2a5235cea001d0f224ec771db6291ffb09120e51c167b168d97cc,2.08,2.42,2.26,2.22,1.75,3.44,3.02,3.56,3.0,3.5,12.0,12.0,17.0,17.0,15.0,24.0,20.0,16.0,6.0,9.0,2.74
9a2a21e275ef42691bde1749db49d358d654e97a22b65ea8fa09392c1ea54137,1.58,1.27,1.8,2.25,1.64,3.12,3.22,3.15,3.4,3.12,12.0,10.0,12.0,18.0,12.0,20.0,18.0,20.0,10.0,12.0,2.56
9a6bab0b730ad585a108b19943faed9b9b0ab76214dbfc1d332fd1dcd8c6517b,1.25,2.59,2.7,2.17,3.18,3.36,3.42,3.5,3.25,4.0,8.0,11.0,22.0,15.0,20.0,21.0,13.0,14.0,12.0,12.0,3.01
9a7af30d5cb45dbc93078e7da4c79ce88e7d4405e57f8592dc4089b0f2f59cc5,1.17,2.42,1.79,2.41,1.93,3.19,3.64,3.26,3.27,4.0,8.0,12.0,17.0,17.0,21.0,21.0,18.0,17.0,11.0,9.0,2.72
9b4ea4b792d93f6296559715ca4d6d94ca340337d6833b50b23142a1e2ff1fe3,2.17,2.86,3.11,2.47,3.17,3.57,3.43,3.86,3.57,4.0,12.0,11.0,22.0,16.0,18.0,15.0,15.0,14.0,14.0,9.0,3.2
9b5af51578795ff1911ed577ea6c2437b9e39b9694c11d562cad221443570223,2.0,3.14,2.39,2.38,3.0,2.68,3.39,3.45,3.11,4.0,12.0,11.0,19.0,17.0,21.0,17.0,14.0,20.0,9.0,12.0,2.93
9c8641520144907ba0baba6625481dcdf9c69751b94861ed9d5ba17aa87bef2f,2.67,2.58,1.67,2.83,2.6,3.02,2.74,2.18,2.67,3.5,12.0,13.0,15.0,15.0,20.0,18.0,21.0,19.0,6.0,9.0,2.61
9dfda855302188726b9eef6a834eb152f481f2f1206b728c09795ab0c6fe8418,1.67,1.5,2.0,2.79,2.14,3.62,3.67,3.72,3.88,4.0,8.0,9.0,19.0,17.0,21.0,20.0,24.0,20.0,12.0,9.0,2.99
9e1cc62e677899a5784c3832d43522525d6bd98d5a33f8ecd2798931d8e1ca0c,2.58,2.77,1.65,3.05,3.15,3.2,3.19,3.07,3.4,4.0,10.0,13.0,14.0,16.0,23.0,20.0,18.0,14.0,10.0,9.0,3.0
9e214721d9ad859fc54b6837b0ad0da016cabf50fbea628e8aecf38c3036424e,1.92,1.09,2.37,2.74,2.59,3.07,2.28,3.21,3.5,2.59,12.0,9.0,19.0,17.0,17.0,22.0,16.0,14.0,10.0,11.0,2.59
9e846c1c9e225a365b5da45a93f7090e3abfb92cf4a2d374c0cdd1c22d4c4475,2.92,3.55,3.53,3.58,3.35,3.44,3.84,3.89,3.88,4.0,12.0,11.0,19.0,19.0,23.0,18.0,19.0,18.0,8.0,9.0,3.58
9eda410b9a82fdef05929b9ea17eab54d1d440bcdb9f7ee94d65306d96356aaa,1.75,1.77,2.75,3.46,2.92,3.09,3.33,3.79,3.5,4.0,12.0,11.0,22.0,14.0,15.0,16.0,15.0,14.0,18.0,15.0,3.08
9f23b97cc992f9531179b934c956bd6a67a1a25904fd920d0afec19b6b9f0e6b,2.5,3.18,2.55,2.62,1.98,2.25,1.79,3.11,3.37,4.0,12.0,11.0,22.0,16.0,20.0,15.0,14.0,14.0,19.0,9.0,2.66
a19456dbbc3b34116c6186f454ef12204de8ddf27fd10d2ddad4031601ec345d,2.67,3.0,3.3,3.14,3.38,3.69,3.84,3.14,3.8,4.0,12.0,11.0,22.0,14.0,17.0,18.0,16.0,18.0,10.0,9.0,3.38
a1a1e9ff113b552b9268bd6b03a9a1de6dbded9c06cbec5b21cf7add6610282b,1.92,0.82,1.93,0.93,2.43,2.45,2.65,3.38,3.63,4.0,12.0,9.0,22.0,8.0,21.0,18.0,13.0,13.0,19.0,9.0,2.49
a2e3f06b4d7c68467753d3dc306afe0c9f6b652cc291f1351b06b69a878e48c2,2.17,2.5,3.26,2.81,2.67,3.72,3.56,3.63,3.92,4.0,12.0,11.0,19.0,16.0,18.0,18.0,16.0,19.0,12.0,9.0,3.23
a3ce350a66819fef9c2486290be365e44082d196011b05c8f6dc863622c1cc7c,2.5,2.92,2.83,2.06,1.71,2.57,3.11,3.5,3.67,3.0,12.0,12.0,18.0,13.0,18.0,21.0,18.0,22.0,9.0,9.0,2.77
a427d9ad269e7ff96358e72e9deb9744ef425e3a0ff60a3eadab0e6723226e4e,2.25,2.09,2.41,2.47,1.92,3.03,2.72,3.55,3.87,3.13,12.0,11.0,22.0,17.0,17.0,17.0,16.0,20.0,19.0,21.0,2.81
a440badaedeee55e60b253a1662938f747de233cd24b6d7ade202cc0bb1cf8db,2.83,2.62,2.75,2.8,2.73,3.31,3.39,3.04,3.73,4.0,12.0,12.0,18.0,20.0,19.0,18.0,19.0,13.0,11.0,9.0,3.07
a45e16c1fcdc48d931aa893f03a7190d280609af7f12c10ea92875a8f511b702,3.25,2.92,2.82,2.85,2.4,2.81,2.88,3.0,3.43,3.0,12.0,13.0,17.0,17.0,15.0,21.0,21.0,11.0,14.0,9.0,2.91
a461c90f22f56e9bf5df3889712820c3aecadbae84e258db1b89ac81514fb4d2,3.5,2.83,2.92,3.4,3.41,3.92,3.29,3.76,3.88,4.0,12.0,10.0,18.0,20.0,22.0,18.0,17.0,17.0,8.0,9.0,3.47
a4737918bf960c7403b5dbcf71b47cbe3b498d3b62e2749dded2f4201b6c5780,3.17,3.31,3.38,2.9,3.84,3.32,2.27,3.39,2.93,4.0,12.0,13.0,17.0,15.0,19.0,20.0,11.0,14.0,12.0,14.0,3.3
a6157f637a2b38db5f573eb109d25384cdcef4970d1f47302e2aca89a963c5f0,1.25,2.14,1.18,1.22,1.5,2.0,1.95,2.92,3.44,3.0,8.0,11.0,16.0,8.0,12.0,16.0,19.0,22.0,17.0,9.0,2.17
a661da3443d6dc73ca821bdd8440ad2adc11cca5f14cc9fefd2aed541a7fe7a7,2.5,1.92,2.06,2.15,2.28,3.42,2.72,3.37,2.92,3.86,12.0,12.0,17.0,14.0,14.0,18.0,20.0,15.0,11.0,14.0,2.74
a6e515c7b7a7f77ee68107f7bfbfd3b2b7edd62a95d3b8c23b08837bf6d580fb,3.17,2.07,3.41,3.11,3.0,3.19,3.62,3.57,3.0,3.5,12.0,15.0,17.0,19.0,19.0,21.0,13.0,22.0,2.0,9.0,3.18
a744282436521ee748bf6f343eab5ba0bb1ee5751a2adb555a58f42142a77102,3.17,2.38,1.74,2.24,2.41,2.69,3.67,3.0,3.5,4.0,12.0,13.0,14.0,16.0,19.0,24.0,15.0,13.0,12.0,9.0,2.8
a8cb14acbacce5722c5cdefca45c44f9522966f75462cee09882eff6a599ad23,0.67,2.65,2.45,2.88,3.27,2.79,2.74,3.5,2.33,3.0,6.0,13.0,11.0,14.0,22.0,24.0,18.0,20.0,6.0,9.0,2.83
a9943348e0a5cf7e5b088942c64b59a7aa35e1d50e29d4f8b9335e37feabe4f0,1.83,2.36,2.09,3.0,2.43,3.26,3.12,3.5,3.5,4.0,12.0,11.0,22.0,16.0,21.0,19.0,16.0,16.0,12.0,9.0,2.85
a9df864af8310c565dbc4e5b67e68380dad73281181b0cc514c6588b7db85168,2.5,1.0,2.5,2.21,2.42,2.83,2.83,2.88,3.12,3.62,12.0,8.0,22.0,16.0,15.0,15.0,18.0,16.0,8.0,12.0,2.62
ac3d841c8924f03b2fa64b754e17458759d39a0c50359364b8e4ac3c9eee54a6,1.83,1.62,1.91,2.39,2.5,2.29,2.92,3.0,1.2,3.12,12.0,10.0,17.0,16.0,20.0,21.0,20.0,17.0,2.0,12.0,2.42
ae28a38be0a64320ff017791e8cdb46b25f325e7a2a968d9ed4a65a26a958e64,1.67,1.86,2.41,1.97,2.06,2.69,2.89,3.0,3.25,4.0,12.0,11.0,22.0,16.0,17.0,18.0,18.0,15.0,16.0,9.0,2.56
aed8a0fe5cf14911838e1710d7f12a821750be5a3d641b238a2be69414a7451a,3.5,2.5,3.34,3.09,2.37,3.33,3.11,3.33,3.42,3.5,12.0,11.0,22.0,16.0,16.0,18.0,14.0,21.0,12.0,9.0,3.15
aee1a4ec21a2dc3907e323a634b29c8f8677a015d581d25b062ce4b79da84f46,2.08,0.85,1.88,2.66,1.92,2.79,3.07,2.11,3.14,4.0,12.0,7.0,17.0,16.0,19.0,21.0,23.0,11.0,11.0,9.0,2.5
aefd68f3fe98a807aa007ac70d2f5582dafb631614cf4fd3234088da02d497e7,2.83,3.5,3.3,3.75,3.67,3.67,3.47,3.4,3.89,4.0,12.0,13.0,15.0,18.0,21.0,21.0,18.0,15.0,9.0,12.0,3.55
af47517e219511d73e4e8b3b84b8bab5e41ecf92be3dbae7fb90f259dea715aa,2.67,2.73,2.91,3.47,3.29,2.91,3.38,3.76,3.8,4.0,12.0,11.0,22.0,17.0,17.0,19.0,16.0,17.0,10.0,9.0,3.26
af58ec90e7c1400efe260e28800bc0e9eddb45dd4e8ef1b840abdafb3ae8b0a0,3.0,2.38,2.5,2.76,1.98,3.53,3.68,3.26,3.83,4.0,12.0,12.0,18.0,19.0,17.0,18.0,19.0,19.0,12.0,9.0,3.05
af5e1a9a8a459d3ccc9124950cc2e0c2dff6f67a19f69a4a2d507e5c52f9d02f,1.58,2.59,2.36,1.8,1.36,2.54,3.12,3.36,3.81,4.0,8.0,11.0,21.0,15.0,12.0,24.0,12.0,14.0,16.0,12.0,2.68
af6feaf9b72a6f2647681899547772b0ae5518dc3674202d143c2a9145176109,1.92,2.5,2.29,1.54,2.43,2.28,2.81,3.28,3.92,4.0,12.0,11.0,19.0,11.0,21.0,15.0,21.0,18.0,12.0,9.0,2.67
b1fe6d6f64327012a3c9fe7b08fd935bd6d69e38c438ee0d1f24b9ae7b0b6407,3.25,2.25,3.47,3.1,2.66,3.7,3.78,3.53,3.75,4.0,12.0,8.0,17.0,20.0,16.0,20.0,20.0,15.0,8.0,12.0,3.39
b217c2f39e6a66a641a8e8004a44244ea292f332c3d6f35a37929861666236b9,3.08,2.46,3.24,3.61,3.65,3.48,3.7,3.47,0.0,4.0,12.0,12.0,17.0,19.0,20.0,21.0,22.0,17.0,0.0,9.0,3.44
b2b77e3f67b3551e2a37717f8c2315eca1d89e434e2645b3382be18b8dddabe0,2.17,1.64,2.09,2.31,2.1,3.05,3.28,3.82,4.0,4.0,12.0,11.0,22.0,16.0,15.0,21.0,18.0,14.0,14.0,9.0,2.81
b3509f188c7b5d7b13fc75dcc63370ff6a6b086e1141fc54eec5e06ecf915801,3.67,3.65,3.72,3.28,3.58,3.78,3.46,3.07,3.07,2.77,12.0,13.0,20.0,18.0,18.0,20.0,13.0,14.0,14.0,9.0,3.45
b36b18ef3e3894cd8abca81d22abf72b4e4e524ac67aa00b947f1536d44e49ed,1.5,1.86,2.18,1.09,1.83,2.0,2.57,3.18,3.23,3.25,8.0,11.0,19.0,10.0,15.0,15.0,22.0,19.0,11.0,12.0,2.35
b3ae22ac6a7c99ca3b14da41a3509e8046caef274797dcc4da107f1dea17fee7,2.75,3.0,2.97,3.13,2.83,3.07,3.04,3.33,3.6,4.0,12.0,11.0,19.0,19.0,23.0,19.0,13.0,15.0,10.0,12.0,3.13
b56d2a2059005f96949c7b92f498b1ca19bf74c304a9c2d4ea0856200556a0e4,1.75,2.31,0.8,2.48,2.43,2.91,2.97,2.94,2.75,3.73,8.0,13.0,9.0,20.0,21.0,22.0,17.0,18.0,6.0,11.0,2.6
b5ffab6a5428384c194efbe1f2e9b220b9c866549a48dc855868009a8392a82c,3.33,3.42,2.67,2.32,2.93,3.14,3.11,3.21,4.0,4.0,12.0,12.0,15.0,17.0,22.0,18.0,19.0,21.0,3.0,9.0,3.08
b659edb14cb9630974c38753460e91e5b2a8de1cf5e16780d26a20990d1fb1da,3.58,3.88,3.74,3.61,3.92,3.8,3.69,3.69,3.61,4.0,12.0,13.0,17.0,19.0,20.0,20.0,21.0,16.0,14.0,2.0,3.73
b677069438950fd7dbeba9ec01d3526ed146325ff458262a6f9ba7766a18d887,3.33,1.71,2.75,2.58,2.41,3.02,3.8,3.87,3.67,4.0,12.0,8.0,18.0,19.0,14.0,20.0,22.0,15.0,9.0,9.0,3.13
b73c14ce9448ddf0086a2073f08db9cda2c9f53f2f0a66e53f46b588b7183f78,1.08,1.08,1.66,1.18,1.68,1.91,2.95,3.43,2.88,4.0,4.0,7.0,15.0,11.0,16.0,16.0,21.0,14.0,21.0,12.0,2.38
b76c36cce84f7ceae217fab4a21bea39315e508d7ff7b8fad553e8dac7489122,2.58,2.29,1.3,1.71,2.35,2.75,3.21,3.58,3.65,3.64,12.0,10.0,11.0,11.0,20.0,10.0,19.0,18.0,17.0,11.0,2.8
b7e0e75e8469fa7e3c23de88f35ca7682adf60cbfc1b6489f6ea6ad24e0a306b,2.83,2.77,1.71,2.47,2.0,2.57,2.89,2.97,3.0,3.62,12.0,13.0,11.0,17.0,15.0,20.0,18.0,19.0,12.0,12.0,2.68
b8fd4ce27190e8d9fb32b106be8569c1507aa9019a9114640b0dcf58941da2d7,1.33,1.75,1.83,2.16,2.07,3.5,2.21,3.62,3.73,4.0,8.0,10.0,12.0,16.0,18.0,15.0,17.0,17.0,13.0,9.0,2.65
b9a82369e72d13abb812366db0f7ec0a8b3809681f5d29ac2ee9994efc373516,2.42,2.77,2.6,3.14,3.17,2.61,2.79,2.72,3.21,3.5,12.0,13.0,21.0,14.0,18.0,17.0,19.0,18.0,7.0,9.0,2.84
b9cf939ba923f6b6eedbfe45dbf651509cc0fcaf2b9049e4949f7e6b7e84bc06,2.5,2.69,1.44,2.12,2.95,2.52,2.33,1.62,2.62,4.0,12.0,13.0,17.0,16.0,20.0,23.0,16.0,13.0,13.0,9.0,2.43
b9d62f564952327c60884d610bcfb8043bd2924a3f93746d4001eeb63981911c,2.75,1.86,3.17,2.66,1.83,2.68,3.03,3.55,3.75,4.0,12.0,11.0,18.0,16.0,15.0,17.0,16.0,20.0,8.0,9.0,2.9
ba28af3fa4693a2dc539aa015db0d697d9984b496670e03483fb5b5768565975,1.75,0.83,2.06,2.38,2.5,3.04,3.75,3.0,3.0,3.0,12.0,6.0,17.0,14.0,20.0,24.0,22.0,18.0,8.0,9.0,2.7
bc61deda4b81ba6ac8e92babb76d1d7215e63bf679ebb5f113ce279162aaa2e7,2.25,1.18,1.93,2.12,2.03,3.48,2.65,3.17,3.18,3.0,12.0,8.0,22.0,16.0,14.0,21.0,14.0,23.0,11.0,9.0,2.58
bdae1858266ffe374fd0b86c88af895fae62cd4ca7c807df3c4ee7ba82bc8047,2.17,0.92,2.58,1.0,1.5,1.25,3.5,2.44,3.79,3.93,12.0,4.0,18.0,8.0,13.0,15.0,21.0,16.0,19.0,14.0,2.59
be2710f92e25ebd3459bcf5ddda1e34be797430a690812b15f70d9bfc111bc99,2.0,3.08,2.67,2.85,2.67,3.43,3.22,2.8,3.25,4.0,8.0,12.0,18.0,17.0,15.0,21.0,20.0,12.0,8.0,9.0,3.01
be2cd21f395e585d0a639c9af1f3a78b90167212166536e3d28b57a3b01d117e,2.83,2.5,2.25,2.37,2.59,3.32,3.71,3.12,3.54,4.0,12.0,12.0,18.0,16.0,23.0,20.0,21.0,21.0,14.0,9.0,3.0
be2d01554ff8dd42f04c4f813d28a395fcdb3381d525584e3a4a3e810803419c,2.5,2.77,3.03,2.26,2.75,3.45,3.33,3.4,2.56,3.5,12.0,13.0,17.0,17.0,20.0,21.0,21.0,15.0,8.0,12.0,2.99
bed09d1c2e12358a3a9d263f344cff1d4a27109eece2bb84c3834405ef1c42c1,2.0,1.42,2.0,2.92,2.53,3.7,3.48,3.58,3.77,4.0,12.0,8.0,18.0,15.0,19.0,20.0,21.0,13.0,13.0,9.0,2.99
bed38e632cd0bdf92abb7400990330a72841f2584daa3dffa883b3f42a7ee70b,2.17,2.33,1.0,1.5,2.2,2.78,2.32,3.34,3.13,3.0,12.0,12.0,12.0,16.0,17.0,16.0,17.0,22.0,15.0,9.0,2.42
bf8b07a93b74df770480651d3df8a4a3975f25b08d52f99910a4a8ea571a60a5,2.75,1.23,1.65,2.05,1.56,3.02,3.48,2.89,3.56,4.0,12.0,10.0,11.0,21.0,18.0,20.0,20.0,18.0,9.0,9.0,2.6
bf960012fb65c81879e8c7ce9a41b01fb40ee0a02059d9a2ac6bc9b50e6d4a8e,1.0,1.5,1.5,2.31,1.71,3.28,3.21,3.08,3.5,4.0,4.0,9.0,13.0,13.0,18.0,20.0,19.0,20.0,8.0,9.0,2.63
c31a212f6d4a91575ec9ed54ad21037c4db9ce5d0d7900c98931fcb1f43ada0b,2.67,1.59,2.52,2.53,2.57,3.33,3.33,3.76,3.7,4.0,12.0,8.0,22.0,17.0,18.0,21.0,21.0,19.0,10.0,12.0,3.04
c346fe230b5d90b1d652a149b7b59c6809adb333cc930c9108a23b3d1d7f6e48,3.17,3.23,3.18,3.68,3.82,3.14,3.32,3.56,3.4,4.0,12.0,13.0,17.0,19.0,17.0,21.0,19.0,18.0,5.0,9.0,3.43
c3ea426489f6536f44b57e03e5285ac0988d7838a4178546ec2d57d4e26fd3f1,2.75,2.45,2.86,1.41,2.5,2.8,2.61,3.22,3.21,3.5,12.0,11.0,22.0,9.0,22.0,23.0,19.0,16.0,14.0,9.0,2.75
c431b9080913896380f1f01c824a4d93d0904d61e457ad21d81e199cc594a8b6,3.25,2.5,3.65,3.78,3.61,3.74,3.78,3.85,4.0,4.0,12.0,12.0,17.0,20.0,19.0,17.0,20.0,20.0,4.0,12.0,3.63
c440ea168cefb3064d193c0ace06f863cedc8ea34a093b8a10d3d12a2122f66b,2.42,2.33,3.44,2.7,3.02,3.15,3.59,3.78,3.89,3.5,12.0,9.0,17.0,17.0,20.0,17.0,17.0,16.0,9.0,9.0,3.19
c52ca9dfae39889f6b7a4145b7e623c1bb587879e979b218a0a6dc4bb9f3fd8a,2.5,2.23,1.62,2.3,3.07,2.72,3.42,3.08,3.25,4.0,12.0,10.0,14.0,20.0,22.0,16.0,20.0,13.0,8.0,9.0,2.8
c56fa36e73548bd66050ac0cfadbf99e2eaf7af1406b5e11ebac31c759d07c3d,2.75,3.14,3.18,2.97,2.6,3.53,4.0,3.84,3.36,4.0,12.0,11.0,22.0,14.0,17.0,19.0,19.0,19.0,11.0,13.0,3.36
c57f786bd3bcc1a0a63f5247cdf969dae3d25f7f04477a451c2ad5e981dd298d,2.5,2.75,3.56,3.18,3.45,3.71,3.53,3.94,3.8,4.0,12.0,12.0,17.0,20.0,19.0,19.0,16.0,18.0,10.0,9.0,3.45
c5ab31bed506a9e87cd9a29393c4a0565707059e94aecb63a550747f35b10451,1.25,2.23,2.43,2.09,2.72,2.66,3.13,3.67,3.67,4.0,8.0,11.0,22.0,13.0,20.0,16.0,23.0,18.0,6.0,12.0,2.82
c736cf99be79221cd8632be2f24ba631e87c1a3f357950ec83ac0e21cb729dbc,2.58,3.0,3.5,3.4,3.58,3.52,3.93,3.71,3.2,4.0,12.0,12.0,15.0,20.0,19.0,21.0,15.0,14.0,10.0,12.0,3.47
c759f4abbf0bb1dd97ddbb7fd4aa6066429f89efc8d4f69aaffffa575c92c17b,1.0,2.5,2.87,2.15,1.6,3.08,3.13,3.57,3.71,4.0,8.0,12.0,19.0,20.0,12.0,20.0,19.0,22.0,7.0,9.0,2.81
c813d7a43672c5bfa51a5bbf9c6b7fe3f7d9f0aeb927ca55dc4a793adb86a55d,2.17,0.73,1.73,2.12,2.79,3.4,3.22,3.25,2.53,4.0,12.0,8.0,16.0,13.0,17.0,20.0,23.0,16.0,15.0,9.0,2.7
c877111668f3a39ec044fabcaf7af923462a89b8d0115cada56d0da2b2403c2c,3.17,2.41,2.91,1.62,2.06,3.43,2.42,3.15,3.45,4.0,12.0,11.0,19.0,14.0,17.0,21.0,10.0,20.0,11.0,9.0,2.85
c93682d05e8772d17c5600aeca6fb02366c0c3798b6b0da7a97a2eef6a42ef19,2.67,1.5,0.82,3.33,3.83,3.42,3.0,3.57,2.75,4.0,12.0,7.0,8.0,9.0,18.0,18.0,12.0,22.0,13.0,12.0,3.11
ca2e92719c9d35a24feb9fb35a1e401354bac6ef77b90776b43530104e3982ef,2.08,1.27,2.52,2.8,3.29,3.02,3.53,3.4,3.31,4.0,12.0,10.0,20.0,15.0,21.0,20.0,16.0,15.0,13.0,9.0,2.95
ca9fd96e1dcc3c1dc84f5f82c5154fbcb4f2962e8766261416c678f64f755afc,2.75,1.95,2.45,2.0,1.81,2.75,2.88,3.38,3.14,4.0,12.0,11.0,19.0,13.0,24.0,20.0,16.0,16.0,14.0,9.0,2.63
caa3aaf9ce3e3465adce251d2eb375935bc85788e067d7fb8d55c92cbaee5a1b,2.33,2.08,1.67,1.34,2.58,1.2,3.15,1.83,2.88,3.71,12.0,12.0,15.0,13.0,18.0,9.0,20.0,20.0,13.0,14.0,2.34
cb690e3299a99c00676517c8529fd3ff29c3e9b631e8edaa1af4eb1725e26e74,3.25,3.0,3.39,3.12,2.91,2.71,3.24,3.59,3.79,4.0,12.0,11.0,19.0,17.0,17.0,17.0,19.0,17.0,14.0,12.0,3.28
cb9a54698f12fde163bc20042e986fa1a3deb92947fb9ac41eb00bb6d912c165,2.33,2.27,2.66,2.09,1.64,1.96,2.29,2.87,3.26,4.0,12.0,11.0,19.0,13.0,15.0,14.0,16.0,19.0,21.0,9.0,2.54
ccdbcc677a55ceb3c806ce96ac06596fe4c698fbaa81893833b01453020a2890,1.92,2.86,2.66,2.81,2.42,2.65,3.21,3.52,2.89,2.62,12.0,11.0,22.0,16.0,18.0,20.0,24.0,20.0,19.0,24.0,2.79
ccdfdd4e126899848ca6e9308273ffe3aec872c6b973dec5c4958dda30276ed7,2.42,2.23,2.53,2.18,2.39,2.12,2.67,2.71,3.5,4.0,12.0,11.0,16.0,17.0,11.0,14.0,21.0,14.0,10.0,12.0,2.64
cd9d0e62332f735ad6168d385e1ae2ff21abf8a7112e461b2098ba7f2cba2a4f,2.25,1.36,2.45,2.06,3.16,3.32,3.37,3.45,2.35,4.0,12.0,9.0,22.0,13.0,19.0,22.0,15.0,20.0,20.0,9.0,2.83
cdb63ccd5b1ae024f90a662318aebea8c01e3a9259da6d0a8aaa200ca1964860,2.92,2.82,3.66,2.41,3.82,3.68,3.71,3.66,3.17,4.0,12.0,11.0,22.0,16.0,17.0,22.0,12.0,19.0,12.0,9.0,3.42
cdef932b927dcf3b1a6806dd8fa17711c3af436d06cf1a470e238c0b7d2298e6,1.67,1.09,2.16,0.78,1.86,2.48,2.31,3.15,2.79,3.0,8.0,8.0,19.0,8.0,21.0,21.0,21.0,20.0,14.0,9.0,2.27
ce77af231a7f0473b1540a0898d5f64acb3fbc4dbf4339bb614cc4d1d5b997b9,2.75,3.19,3.12,3.05,2.45,2.97,3.36,3.55,3.77,3.75,12.0,13.0,17.0,19.0,20.0,17.0,18.0,11.0,13.0,12.0,3.15
cedbd76384e1871ad8f075e25415b2bc2d89f2506ffe66d0d9d3825d85936457,2.5,1.42,1.79,2.12,2.1,3.13,3.11,2.86,3.11,4.0,12.0,7.0,14.0,17.0,17.0,19.0,23.0,16.0,9.0,12.0,2.67
cefc5b0b0a1ef6cd083538242f77238faed40ec3cc68052b94302e321adcc7d1,3.08,3.5,3.76,3.28,3.5,3.36,3.66,3.83,3.83,3.75,12.0,11.0,19.0,16.0,20.0,21.0,16.0,23.0,9.0,12.0,3.56
cf07033d24db4e5a05f7e00fd2ac66516603638bef8bf833d9b136039d534232,2.33,2.25,2.75,2.05,2.35,3.39,3.4,2.69,3.62,3.5,12.0,12.0,18.0,19.0,20.0,18.0,15.0,13.0,8.0,12.0,2.78
cf248648a2816fc1eb7a3ac0165a723ff191870cfa813837f2dc6f2aabde4442,1.0,1.77,1.1,2.06,2.67,2.76,2.88,3.17,3.18,3.28,8.0,13.0,9.0,14.0,18.0,19.0,12.0,12.0,22.0,16.0,2.55
cf49c5947b4fa7c6ca87ca9d155c1e8281938d33c7c3175dbb27ad0b94df4b4a,2.25,1.77,2.32,2.41,3.0,3.6,3.27,3.64,3.38,3.91,12.0,9.0,19.0,13.0,18.0,21.0,15.0,18.0,8.0,11.0,3.0
cf990b00903e2adde3b08fe49d94f6a2ad8069a7b8066613cfd70681f8e4fe93,2.83,2.71,3.25,2.58,2.62,3.45,2.0,2.93,3.5,3.5,12.0,12.0,18.0,19.0,20.0,19.0,13.0,14.0,14.0,9.0,2.93
d0120206f8de25e4d86856cec8fd4ec02c1eea924a4044db2379012715dfa260,2.75,2.64,2.8,1.62,2.65,2.66,2.84,3.57,3.62,4.0,12.0,11.0,22.0,13.0,20.0,16.0,13.0,15.0,16.0,9.0,2.89
d01d128afac6b7a3bb95f48d5b8ac60131ce6a1e96ec4868e68569268e70dc11,3.5,3.42,3.21,3.84,3.78,3.53,3.7,3.68,4.0,3.5,12.0,12.0,17.0,19.0,20.0,19.0,20.0,19.0,3.0,9.0,3.6
d1f863174f9e34d1b20c73225033dfec7f4da9228e09901016b5b496bee7306e,2.83,3.12,3.8,2.58,2.5,3.8,3.44,3.37,3.86,3.5,12.0,12.0,15.0,20.0,21.0,20.0,18.0,23.0,7.0,9.0,3.23
d3c53f257abb0af3782c96f8d123f45efce6ba8b53015a27f7399c39569d16d0,3.33,3.04,3.42,3.47,2.8,3.45,3.31,3.25,3.5,4.0,12.0,12.0,18.0,19.0,20.0,21.0,18.0,14.0,8.0,12.0,3.33
d3e6643d3748bf28e4e9a4fca31f6f808045d729be140e37be60e8de42ad4823,2.58,2.82,2.84,3.21,2.42,3.31,3.55,3.53,3.55,4.0,12.0,11.0,19.0,17.0,20.0,18.0,22.0,17.0,11.0,9.0,3.15
d3eb417b1f75e77f102b777680947f3d0298e0376be35917053839ef27fec919,1.83,2.18,2.86,2.22,2.33,2.63,3.36,3.03,3.0,4.0,8.0,11.0,22.0,15.0,15.0,16.0,21.0,15.0,14.0,9.0,2.78
d408f93c322d587bb37c22ad378f0b24c6392f9d8a89fa709ef1f845a61c4a12,1.92,2.32,3.18,2.21,2.24,2.89,3.5,3.79,3.62,3.8,12.0,11.0,19.0,14.0,16.0,18.0,13.0,12.0,16.0,23.0,3.01
d4216fcff70a789a9f5d1336bebded40c59d5ea418a43e2410954bba71c8b67e,2.5,2.0,2.72,3.0,2.93,3.45,3.82,3.06,3.89,3.0,12.0,10.0,20.0,20.0,21.0,19.0,17.0,16.0,9.0,9.0,3.05
d49654e9cf1dae52a705baf2e5c2d45638f3162e5747d65367b745222f090261,2.67,1.91,3.11,2.45,1.42,3.5,2.97,3.75,3.06,3.7,12.0,8.0,22.0,19.0,12.0,20.0,16.0,16.0,16.0,15.0,2.96
d5138082d5fcf8882cf4d81b8708332ed416daff9da4c5a216e81d54f02982f3,0.92,0.0,1.0,1.53,1.7,1.94,2.89,2.28,2.73,3.5,4.0,0.0,13.0,13.0,14.0,17.0,22.0,15.0,22.0,15.0,2.25
d527a7a7c4295d78aae507058e969a8d0b99e4de86c40a672c9b63a9de645935,1.83,2.33,2.65,3.18,2.58,3.11,3.58,3.23,3.57,4.0,12.0,12.0,17.0,17.0,19.0,22.0,20.0,13.0,7.0,9.0,2.98
d6ab9a1b3e1ee34026e0114a487d6d7ef8890969181bb731a0848410f0f6e158,2.5,2.96,3.1,2.87,3.29,3.43,3.62,3.25,3.57,4.0,12.0,12.0,15.0,19.0,19.0,21.0,21.0,14.0,7.0,9.0,3.25
d6b3c76bf6ccc0a267aab29c0a0950fc27fc7d3d77ded25fa57d6f3e21081578,1.83,0.59,1.68,1.68,2.28,2.85,2.75,3.41,2.81,3.62,12.0,5.0,19.0,13.0,14.0,17.0,20.0,16.0,16.0,12.0,2.48
d71bc2978a9d3dc679db408c851b74fb2223b1eb3aa01f48f3df4d5cd261864d,2.0,2.73,2.86,3.14,2.9,3.26,2.38,3.5,3.41,4.0,12.0,11.0,22.0,14.0,20.0,18.0,10.0,20.0,11.0,9.0,3.03
d789441d3dbafb1e0044bde3201b5ad720e18e5c3d4fb571dd1e054d957ca29c,2.92,1.29,0.83,2.38,1.85,3.43,3.83,3.75,3.88,4.0,12.0,8.0,12.0,13.0,20.0,21.0,18.0,16.0,16.0,9.0,2.91
d7b963d4b45c9b83f31ede922621ea801d97bee2aeb4fb3922cdb82dafccc6c8,1.83,1.09,0.55,1.6,2.18,2.45,3.18,3.3,3.26,4.0,8.0,9.0,9.0,17.0,19.0,16.0,20.0,20.0,21.0,12.0,2.54
d7f21d67ac1ab3ed48e602737d1adc699eb8e5afdbbf989fc917a14383d79c26,1.67,1.65,1.1,2.33,2.66,3.12,2.68,3.13,2.8,4.0,8.0,13.0,12.0,15.0,16.0,21.0,19.0,19.0,10.0,9.0,2.57
d7ff9810c805fa474fabcddd5f32b2ca0bb433081f31632846f8b41cbb79e422,1.33,1.91,3.16,2.58,3.08,2.95,2.79,3.28,3.73,4.0,8.0,11.0,19.0,19.0,18.0,17.0,14.0,20.0,11.0,12.0,2.95
d84722a47c2687993540b37143227476fbfde5f010c432170da28bea84e7bb98,1.67,0.92,2.0,1.95,2.17,3.59,3.19,3.18,3.46,4.0,10.0,8.0,18.0,13.0,17.0,22.0,21.0,14.0,13.0,9.0,2.72
d89f1378c601f59d75987d424feaf806eb391340f89ed64d867fe0b4a3a081ab,1.67,2.21,2.9,2.2,2.28,3.35,3.29,3.54,3.64,4.0,8.0,12.0,15.0,20.0,20.0,20.0,19.0,13.0,11.0,9.0,2.89
d910bd615e720d607d0bc8048b2d12e0df38b5a98b1c45caaf41dd755d9faa4f,2.25,2.05,2.73,2.18,2.38,2.6,2.61,3.47,3.42,3.0,12.0,9.0,22.0,14.0,17.0,17.0,22.0,16.0,12.0,9.0,2.68
d932d6de2c96d271ab1a4ac1c734cf9e0fa0efb7de8d4be2eab9d96fc9d49793,2.67,2.32,2.8,1.72,2.72,2.93,3.16,3.03,4.0,3.5,12.0,9.0,22.0,11.0,20.0,18.0,19.0,19.0,8.0,9.0,2.87
d9b79bff800c7d85ececfd0a0b58635aceda470977f6f2ea714897df3e59d1d4,2.17,2.17,2.58,2.33,2.86,3.18,2.82,3.36,3.62,3.5,12.0,9.0,18.0,17.0,22.0,22.0,15.0,14.0,13.0,9.0,2.86
db712aa8444ac80efa3db953a66969e29d0e64cd627dac1f96f08187d06f513b,1.58,0.92,3.0,3.58,2.79,3.05,3.14,3.44,3.77,4.0,10.0,7.0,12.0,19.0,18.0,22.0,20.0,18.0,13.0,9.0,3.06
db758b13a617dbecf73540fca4fd95555b95a1f8743bf1b0b0a4be0975fb8cc5,3.33,3.19,3.18,2.88,3.53,3.55,3.03,3.58,3.5,3.25,12.0,13.0,17.0,16.0,19.0,19.0,17.0,18.0,8.0,12.0,3.3
dcf291cdfcc5f24b29c6761637cda0e2beb91d2b5b578a9ee7cfd381a11e8a11,3.08,2.82,3.05,2.19,2.67,3.13,2.9,3.25,3.17,3.0,12.0,11.0,22.0,16.0,18.0,23.0,15.0,16.0,12.0,9.0,2.93
dd6bdcf595c9669d5c0d49d8cb24d4f0ed9d1ad77cd038108a5b36d1c1c001c4,2.42,1.0,1.71,2.03,2.17,2.95,2.85,2.97,3.57,3.5,12.0,8.0,14.0,14.0,15.0,21.0,20.0,17.0,14.0,9.0,2.59
ddc63bd2292844332449641d950dd5cab8bb93142194032dfab4836e2e42c0c5,2.25,2.29,3.4,2.5,2.95,2.85,3.6,3.0,3.35,3.5,12.0,12.0,15.0,14.0,22.0,20.0,15.0,20.0,10.0,9.0,2.96
df0fa690d309fab848899f14731fc52b9f150ba88cc3e262f03c3d9d6db3c8cd,3.17,2.15,0.71,2.71,1.45,2.63,1.73,2.42,2.63,3.47,12.0,13.0,12.0,18.0,14.0,19.0,8.0,20.0,19.0,16.0,2.39
df894e7a64259e9bda1670544f974100a9ae5df4b982818a6cb39e923dbbfaf5,2.58,2.36,2.84,3.03,2.03,2.39,2.89,3.25,3.75,4.0,12.0,11.0,22.0,17.0,16.0,15.0,19.0,20.0,8.0,9.0,2.85
dfd5f0f8414e173f3b96593171fb51d2d33f50c2296334c25c86057a4e04d2e9,1.5,3.23,2.86,2.59,3.25,3.06,3.61,3.71,3.6,4.0,8.0,11.0,22.0,16.0,18.0,17.0,19.0,14.0,10.0,12.0,3.18
e0d1d4c0d988066fb44d5abfb825446ac3d8d5319bcfb918182028b54adf2d34,2.83,3.25,3.47,3.5,3.15,3.75,3.32,3.45,0.0,4.0,12.0,12.0,17.0,20.0,23.0,18.0,20.0,11.0,0.0,9.0,3.4
e30d68e7b338c2a676154e73eaceab356a40dc5dcccc3b03de8c31f8d66262cc,1.5,1.38,2.0,1.62,2.12,3.34,3.08,3.19,3.29,4.0,12.0,7.0,18.0,14.0,17.0,16.0,18.0,16.0,12.0,12.0,2.6
e325cf9fd242d3be2ee7f760d9c1fb05442523d94b548fdf8e54815d206b16b4,1.83,2.0,2.63,2.32,1.86,2.94,3.13,3.74,3.4,4.0,8.0,11.0,16.0,14.0,15.0,14.0,19.0,21.0,10.0,9.0,2.83
e5cbe329348412ee1ebee90f06a3213bcf825171241756e83459c4bcfe114256,3.08,3.68,3.45,2.56,2.07,3.04,2.25,2.88,3.31,2.27,12.0,11.0,22.0,16.0,21.0,12.0,15.0,23.0,13.0,11.0,2.83
e622622944a45ac899ba06b8ad83bc80494e880b07536b3112feb379a1603021,1.83,2.42,3.17,2.92,3.25,2.93,3.1,3.0,3.91,2.8,12.0,10.0,18.0,18.0,20.0,20.0,21.0,20.0,11.0,10.0,2.97
e6c0e00635afbde3353037b794c4f54b149e4c9c4254bd8c635ba9d7bcb1d3e5,3.33,2.5,2.5,2.4,3.0,3.17,3.28,3.67,3.5,4.0,12.0,9.0,18.0,18.0,19.0,21.0,20.0,23.0,2.0,9.0,3.09
e839c9f45460f4888862b4554776dc98133102e0106cb39c6a7fa44fb6a2c0c1,2.83,2.81,1.56,2.75,2.66,2.62,3.2,3.42,4.0,4.0,12.0,13.0,14.0,16.0,19.0,21.0,20.0,20.0,9.0,2.0,2.86
e854cdb3d02298162d8a7fbffa855a61c8b1036b0411b1b887705db8f71e384e,2.33,2.12,2.06,3.12,3.25,3.52,3.45,3.07,3.67,4.0,12.0,13.0,17.0,16.0,20.0,21.0,22.0,21.0,21.0,3.0,3.07
e904827df2e42bb27b5227d1eff9256f6c35f8cfcd822f5ca93a89428edea2ce,1.25,0.45,2.42,0.92,2.07,2.08,2.27,3.58,3.78,3.62,4.0,2.0,18.0,9.0,18.0,15.0,22.0,24.0,9.0,12.0,2.55
e9cf3a0fccb9c1c9685533247710e5ae65b3e3689f4a415c66f69d44a15b03ad,1.42,1.95,0.93,1.89,2.07,2.93,2.11,3.09,3.33,3.82,12.0,11.0,10.0,14.0,18.0,21.0,22.0,16.0,12.0,11.0,2.39
eb5a815427da5efea4db8d5cdf36ad2ef4ba958f7ce70ed4ca25a36703308b88,3.58,3.05,3.52,3.29,2.92,3.29,3.24,3.39,3.5,4.0,12.0,11.0,22.0,17.0,18.0,17.0,19.0,18.0,10.0,9.0,3.35
ec43b6b2035b032143591649652c78f66e4ace543b11561e22aa3123e0976aa5,2.0,1.96,2.5,3.16,2.57,3.76,3.02,2.77,4.0,3.5,8.0,10.0,12.0,19.0,18.0,23.0,20.0,10.0,7.0,9.0,2.99
ed0de9d95add7b7f3b18b0ba88800f5c2d32f40c9c941464d2c3832d63770bfb,2.42,1.46,2.25,2.37,2.0,2.92,3.31,3.11,3.6,4.0,12.0,12.0,18.0,19.0,18.0,13.0,16.0,14.0,15.0,9.0,2.69
ed22a3cd53010d08f9557d216b56f0d01ae7b49049afcfe6da2c51fd591dadf5,2.17,2.58,2.3,2.69,2.08,2.73,2.92,3.27,1.0,3.0,12.0,12.0,15.0,13.0,20.0,24.0,20.0,22.0,3.0,9.0,2.63
ed5c927b478bc1770e990942fa6a949f2f8cd9bc1c33f85ac4c6fe238d19337e,3.0,2.96,2.83,2.58,3.13,3.47,3.4,3.56,3.22,3.5,12.0,12.0,18.0,20.0,19.0,17.0,21.0,16.0,9.0,9.0,3.15
edccb504824191a7450557c8f6014cad4b600a378035536ab0381d38c12be056,3.17,2.82,1.97,2.94,2.65,2.82,3.45,3.71,4.0,4.0,12.0,11.0,15.0,18.0,17.0,16.0,21.0,14.0,16.0,9.0,3.13
edcee5489b76bbd498974ea8461afdd567f4a7a62778772cda83738c7430e366,2.0,0.83,3.0,2.18,2.29,2.18,2.13,2.73,2.71,4.0,12.0,4.0,15.0,17.0,16.0,13.0,16.0,22.0,14.0,9.0,2.48
edd6306fc14444b578c1d03e5e01fee0139aae8ba22e0f0e2646180a20ba9ac3,1.92,2.73,2.47,2.21,2.88,2.38,2.31,3.31,2.82,3.5,12.0,13.0,17.0,19.0,17.0,21.0,15.0,21.0,11.0,12.0,2.65
ee555eddbc2bd7524d046f4348ea7f3b67db5d254c5db3880f6ab3befb9881da,3.42,3.46,3.67,3.32,2.88,3.4,3.67,3.85,3.38,4.0,12.0,12.0,18.0,20.0,20.0,20.0,18.0,13.0,8.0,9.0,3.47
ef6e9c1d753ce86da046d4382f988a9f64e364f8548aacab352713433f49b964,2.5,2.81,1.91,2.69,3.25,3.17,3.44,3.47,3.42,4.0,12.0,13.0,14.0,16.0,20.0,21.0,24.0,15.0,12.0,12.0,3.09
f028eabca762377534938af6a9711d9f623b91f30836ba9348a32428cd044d65,2.08,0.55,1.73,1.38,1.9,3.02,3.67,3.5,3.59,3.12,12.0,6.0,19.0,14.0,15.0,23.0,18.0,20.0,11.0,12.0,2.61
f05f24a8697f8dc0668e50ba4a89f1d2ff3e8cb11c2f31d90be0b5762b4c4551,2.42,1.91,2.45,2.62,2.17,3.69,2.58,3.31,3.2,4.0,12.0,11.0,22.0,16.0,12.0,18.0,24.0,16.0,10.0,9.0,2.81
f0cbe4a0381a0f68a85cfba11d99fe4a3c38f769616b08cb057644ae0e5a05f1,2.25,1.0,0.2,2.64,2.22,2.5,2.62,3.44,2.76,3.5,12.0,10.0,3.0,14.0,16.0,18.0,18.0,18.0,17.0,9.0,2.54
f15646aa843e484ec43bf2fda7e24b5086b6adc42f57fa04215156dcffdb59a4,2.67,2.95,2.58,2.97,2.74,3.45,3.44,3.69,3.33,4.0,12.0,11.0,18.0,19.0,17.0,19.0,18.0,13.0,15.0,9.0,3.15
f19db73492cd14eaf2fec4f45ed068d15499d38c35fcad54953634b62a8b8f3b,2.17,0.88,1.8,2.32,2.89,3.37,3.58,3.57,3.8,3.5,12.0,5.0,15.0,17.0,19.0,19.0,19.0,21.0,10.0,9.0,2.93
f1d64b821ef351036912b68497a2b7d9ce4bd4a3ec9ba005acfbdad88a3f1117,3.25,3.17,2.9,3.02,2.45,3.22,3.34,3.58,3.21,3.0,12.0,12.0,15.0,20.0,20.0,18.0,19.0,19.0,14.0,12.0,3.11
f235c598b7bb8433c450d13b668c9e53cb559d86977e2c805b6c874173182ba7,2.5,2.68,2.25,2.29,1.79,2.83,2.92,3.06,3.71,4.0,12.0,11.0,18.0,19.0,11.0,20.0,20.0,16.0,14.0,9.0,2.77
f27b3d7f946b62adb2f177fd7eeedf26e7f5716b1ff39dbf07f5e3ea798ab9bf,2.33,1.5,2.88,0.63,1.5,3.03,2.36,2.69,3.07,3.59,12.0,12.0,12.0,9.0,12.0,18.0,15.0,18.0,21.0,16.0,2.51
f39f53c9648879d186355dd98ffa0f49be42a62740923dbdbbafeda3ea0f7177,1.92,1.82,2.73,2.06,3.07,3.47,2.75,3.4,3.5,4.0,12.0,11.0,22.0,14.0,21.0,19.0,18.0,20.0,8.0,9.0,2.88
f3c7d0b5b760256c3bfc814021096b25b133948a3ac229c7665a9d086e92307c,2.5,3.46,3.25,2.82,2.88,3.21,3.36,3.56,3.67,4.0,12.0,12.0,18.0,14.0,20.0,17.0,21.0,16.0,9.0,9.0,3.23
f4ad291e10c34cec036a4c51bb40e8f65b7e993cae16ade1046519b29cf73025,2.67,2.36,2.45,2.12,1.83,3.12,2.75,3.32,3.67,4.0,12.0,11.0,22.0,17.0,15.0,17.0,16.0,14.0,12.0,9.0,2.75
f4e84518bf844c49c23ad9cc4e8b7ed44e791b5c6c5bcaec06451bcd42a60dfa,2.33,2.32,3.34,3.41,2.64,2.95,3.08,2.62,3.5,4.0,12.0,11.0,22.0,16.0,18.0,20.0,18.0,20.0,4.0,12.0,2.99
f4ef4d749d45807e63a37e9f2ee11d79c1aaf3fb8cab39748a58356c0fb8a010,2.08,1.82,2.75,2.56,2.59,3.05,3.41,3.24,3.69,4.0,12.0,11.0,18.0,17.0,14.0,19.0,14.0,17.0,13.0,9.0,2.91
f51d326f74fd7d575f16b8297a89b4a66b2d5015d8d2390d8109e710f1da21c7,1.67,0.91,1.32,1.46,2.38,2.91,3.43,3.1,3.75,4.0,8.0,5.0,16.0,8.0,20.0,22.0,21.0,21.0,8.0,9.0,2.65
f66cf430c6d12a4389f82f48a3e7407e400dd4cfad5304b061fc80901aecb912,1.83,2.21,1.7,1.8,1.08,3.0,2.72,2.42,3.42,4.0,12.0,12.0,12.0,19.0,9.0,22.0,16.0,18.0,12.0,15.0,2.5
f71f131a69748589679a1465874a5400cb1e63f97bfc4b36fd5d7cce82d3eedb,1.0,1.92,2.0,2.12,2.5,2.88,2.83,2.78,3.31,4.0,8.0,9.0,17.0,11.0,21.0,16.0,15.0,15.0,18.0,9.0,2.6
f76995f919832a4ad6895ef94803052f83d7ff41ce8454f6bf3a9f888fb5be6d,2.92,2.86,3.32,2.56,2.21,3.12,2.58,3.21,3.86,4.0,12.0,11.0,22.0,13.0,18.0,20.0,19.0,14.0,14.0,9.0,3.02
f8c456223e8fd14a7a07646a1eeab2397d8ec5e851b2835970a889283e69b36a,2.25,1.81,2.0,2.61,2.22,2.15,3.0,3.13,3.38,4.0,12.0,13.0,17.0,15.0,20.0,20.0,14.0,15.0,16.0,12.0,2.61
f8d208d03e013fddcf0c8e4b2f9e99558e6f1e8d9a0a3072a5f14243798e13b2,2.42,2.09,2.23,1.47,2.43,3.17,3.0,3.16,3.25,3.5,12.0,11.0,22.0,13.0,21.0,21.0,13.0,19.0,12.0,9.0,2.66
f9277d8fe5e25d3661755db35825c42d234f8a6c5208ea55b534f096a6263b0a,2.17,2.0,2.58,1.95,2.34,3.32,3.31,2.94,3.62,3.5,12.0,11.0,19.0,15.0,22.0,20.0,18.0,17.0,13.0,9.0,2.77
f97243cccd772573a3880c310f86aa16e99f0fe3623bbdefebc75fdf5104364f,2.33,2.08,2.25,2.8,2.9,3.92,3.79,3.75,3.91,4.0,12.0,9.0,15.0,20.0,20.0,19.0,19.0,16.0,11.0,9.0,3.2
fad726f6b8979dd494155357a7c35f2bccdc52492f38ae19c079f4fe48e5952c,2.17,1.64,2.66,2.43,2.5,3.5,3.8,3.5,3.43,4.0,12.0,11.0,22.0,14.0,18.0,18.0,15.0,14.0,14.0,9.0,2.96
fbaa3df99761205df8bc40933417b91febb21244f7780961ba9131477e5aa903,2.42,3.41,3.07,2.66,2.76,3.36,3.14,3.31,3.8,3.75,12.0,11.0,22.0,16.0,23.0,21.0,14.0,16.0,10.0,12.0,3.12
fd42944a02c1a38cc6a217e3e6186a4ab98a62d98a9a5d4ade572130a20e04b1,2.0,1.38,2.38,2.71,1.72,2.98,3.45,3.25,3.79,4.0,12.0,8.0,15.0,17.0,12.0,22.0,21.0,20.0,7.0,12.0,2.84
fda8c6e531971d661bf003ca43a83a5581bba25dbc3351573f8f2805505baa7b,2.08,2.59,2.84,1.94,3.38,3.05,3.54,3.65,3.86,3.5,12.0,11.0,19.0,13.0,17.0,22.0,13.0,17.0,14.0,9.0,3.07
fdb186f798a5e0419132453cb338fc07800b815ef079815f11e7dc50e0dd0256,2.92,3.42,2.56,3.0,3.59,3.53,3.21,3.5,2.0,4.0,12.0,13.0,17.0,12.0,16.0,19.0,21.0,22.0,4.0,9.0,3.25
fe1c6f78e112dec8584dcc23096196b946acced8a87e182df88a08aea7ff974c,2.33,2.59,2.45,2.34,2.29,2.41,2.82,2.62,3.6,4.0,12.0,11.0,19.0,16.0,18.0,13.0,19.0,18.0,15.0,12.0,2.72
ff5e29119802d5417a22f516d3c73a815b732efd30dcb223c0c3e0a1e74ff85f,2.17,1.15,1.59,2.75,1.9,1.59,3.05,2.13,3.23,2.82,12.0,10.0,14.0,18.0,12.0,17.0,20.0,19.0,13.0,17.0,2.31
